file,true_label,dl_prob,dl_percent,emotiv_prob,emotiv_percent,fusion_prob,fusion_percent
1.npy,0,0.80225116,80.23,0.65962625,65.96,0.70241374,70.24
10.npy,0,0.63216794,63.22,0.58440316,58.44,0.5987326,59.87
1000.npy,0,0.85415286,85.42,0.416251,41.63,0.59141177,59.14
1001.npy,1,0.8495288,84.95,0.65107965,65.11,0.7106144,71.06
1003.npy,0,0.87311447,87.31,0.63195926,63.2,0.72842133,72.84
1004.npy,1,0.88367003,88.37,0.63691753,63.69,0.7356186,73.56
1005.npy,0,0.823047,82.3,0.23994407,23.99,0.41487497,41.49
1006.npy,1,0.85735047,85.74,0.65135807,65.14,0.73375505,73.38
1007.npy,1,0.85972387,85.97,0.40453157,40.45,0.5866085,58.66
1008.npy,1,0.8256253,82.56,0.66124415,66.12,0.7105585,71.06
1009.npy,1,0.86526793,86.53,0.69194275,69.19,0.76127285,76.13
1010.npy,1,0.84766424,84.77,0.62558115,62.56,0.6922061,69.22
1011.npy,1,0.85397834,85.4,0.7038379,70.38,0.7638941,76.39
1012.npy,1,0.850687,85.07,0.6860317,68.6,0.7518939,75.19
1013.npy,1,0.82128394,82.13,0.41078365,41.08,0.53393376,53.39
1014.npy,1,0.89198846,89.2,0.7404991,74.05,0.8010949,80.11
1015.npy,1,0.84662855,84.66,0.66676253,66.68,0.7207223,72.07
1016.npy,1,0.8829359,88.29,0.43952534,43.95,0.6168896,61.69
1017.npy,1,0.85542333,85.54,0.6965352,69.65,0.7600905,76.01
1018.npy,1,0.86423147,86.42,0.4172692,41.73,0.59605414,59.61
1019.npy,1,0.87139493,87.14,0.6677561,66.78,0.74921167,74.92
1021.npy,1,0.8704748,87.05,0.48803708,48.8,0.6410122,64.1
1022.npy,1,0.8552631,85.53,0.66951793,66.95,0.743816,74.38
1023.npy,1,0.84646416,84.65,0.44088733,44.09,0.56256044,56.26
1024.npy,1,0.8816713,88.17,0.74449956,74.45,0.79936826,79.94
1025.npy,1,0.84227896,84.23,0.22794789,22.79,0.41224724,41.22
1026.npy,1,0.8700964,87.01,0.58598334,58.6,0.6996286,69.96
1027.npy,0,0.87679404,87.68,0.6377607,63.78,0.73337406,73.34
1028.npy,1,0.86390525,86.39,0.79427093,79.43,0.8221247,82.21
1029.npy,0,0.8787098,87.87,0.3373878,33.74,0.5539166,55.39
1030.npy,1,0.8778675,87.79,0.7177408,71.77,0.7817915,78.18
1031.npy,1,0.83589447,83.59,0.6030944,60.31,0.6729344,67.29
1032.npy,1,0.86806935,86.81,0.69763976,69.76,0.7658116,76.58
1034.npy,0,0.8593435,85.93,0.7909346,79.09,0.8182982,81.83
1035.npy,1,0.86794394,86.79,0.5757027,57.57,0.69259924,69.26
1036.npy,1,0.8551073,85.51,0.58485,58.48,0.69295293,69.3
1037.npy,1,0.86045647,86.05,0.7474658,74.75,0.7926621,79.27
1038.npy,0,0.9054246,90.54,0.61370397,61.37,0.7303922,73.04
1039.npy,0,0.83042747,83.04,0.5925751,59.26,0.6639308,66.39
1040.npy,0,0.84442604,84.44,0.48838413,48.84,0.5951967,59.52
1041.npy,1,0.849146,84.91,0.67046535,67.05,0.7240696,72.41
1043.npy,1,0.84698784,84.7,0.42620805,42.62,0.55244195,55.24
1044.npy,1,0.8783175,87.83,0.7375237,73.75,0.79384124,79.38
1045.npy,1,0.87429494,87.43,0.78885424,78.89,0.82303053,82.3
1046.npy,0,0.8546319,85.46,0.46901307,46.9,0.6232606,62.33
1047.npy,1,0.850443,85.04,0.69955915,69.96,0.7599127,75.99
1048.npy,1,0.8616708,86.17,0.5549357,55.49,0.67762977,67.76
1050.npy,1,0.8665489,86.65,0.78071046,78.07,0.81504583,81.5
1051.npy,1,0.89117336,89.12,0.73697996,73.7,0.79865736,79.87
1052.npy,1,0.8622323,86.22,0.38057545,38.06,0.57323825,57.32
1053.npy,1,0.8699132,86.99,0.64878875,64.88,0.7372385,73.72
1054.npy,1,0.8714139,87.14,0.70793915,70.79,0.773329,77.33
1055.npy,1,0.8975174,89.75,0.5641887,56.42,0.69752026,69.75
1056.npy,1,0.8910344,89.1,0.7094536,70.95,0.78208596,78.21
1058.npy,1,0.8791033,87.91,0.7206699,72.07,0.7840433,78.4
1059.npy,1,0.8719819,87.2,0.79457426,79.46,0.8255373,82.55
1061.npy,1,0.8584091,85.84,0.50719583,50.72,0.6476811,64.77
1062.npy,1,0.86709356,86.71,0.7032819,70.33,0.7688066,76.88
1064.npy,1,0.89178526,89.18,0.5875666,58.76,0.7092541,70.93
1065.npy,0,0.8387027,83.87,0.7341562,73.42,0.76552016,76.55
1067.npy,0,0.8514501,85.15,0.6735713,67.36,0.74472284,74.47
1068.npy,1,0.836549,83.65,0.44579348,44.58,0.5630201,56.3
1069.npy,1,0.8681282,86.81,0.5304073,53.04,0.66549563,66.55
1070.npy,1,0.8677785,86.78,0.10419621,10.42,0.25691268,25.69
1072.npy,1,0.8486735,84.87,0.6222921,62.23,0.6902065,69.02
1074.npy,0,0.8341762,83.42,0.27161875,27.16,0.440386,44.04
1075.npy,1,0.8793751,87.94,0.55692744,55.69,0.6859065,68.59
1077.npy,0,0.8807558,88.08,0.765417,76.54,0.8115525,81.16
1078.npy,0,0.8771712,87.72,0.6678936,66.79,0.7516047,75.16
1080.npy,1,0.83723813,83.72,0.65278083,65.28,0.708118,70.81
1081.npy,0,0.86050195,86.05,0.41282472,41.28,0.59189564,59.19
1082.npy,1,0.8903984,89.04,0.5207605,52.08,0.6686157,66.86
1083.npy,1,0.83964455,83.96,0.79190856,79.19,0.80622935,80.62
1084.npy,0,0.87292606,87.29,0.71420896,71.42,0.7776958,77.77
1086.npy,1,0.8400958,84.01,0.5282294,52.82,0.62178934,62.18
1087.npy,0,0.84291875,84.29,0.62182903,62.18,0.68815595,68.82
1088.npy,0,0.8651452,86.51,0.8104805,81.05,0.83234644,83.23
1089.npy,0,0.8464618,84.65,0.74411434,74.41,0.7748186,77.48
1092.npy,1,0.84854096,84.85,0.57565755,57.57,0.65752256,65.75
1093.npy,1,0.8573818,85.74,0.4608873,46.09,0.61948514,61.95
1094.npy,1,0.8508549,85.09,0.8263502,82.64,0.8361521,83.62
1095.npy,1,0.88753146,88.75,0.7437672,74.38,0.8012729,80.13
1096.npy,1,0.8744438,87.44,0.6416104,64.16,0.73474383,73.47
1097.npy,1,0.863263,86.33,0.70838636,70.84,0.77033705,77.03
1098.npy,1,0.88785917,88.79,0.74314505,74.31,0.80103076,80.1
1099.npy,0,0.8590139,85.9,0.62294036,62.29,0.7173698,71.74
11.npy,1,0.71650845,71.65,0.5452816,54.53,0.59664965,59.66
1100.npy,1,0.8318809,83.19,0.74385315,74.39,0.77026147,77.03
1101.npy,0,0.84602374,84.6,0.673857,67.39,0.725507,72.55
1103.npy,0,0.8552936,85.53,0.53141034,53.14,0.66096365,66.1
1104.npy,1,0.8738386,87.38,0.41794148,41.79,0.6003003,60.03
1105.npy,1,0.8569828,85.7,0.65563804,65.56,0.736176,73.62
1106.npy,1,0.85990036,85.99,0.435089,43.51,0.60501355,60.5
1108.npy,0,0.88853055,88.85,0.60419595,60.42,0.71792984,71.79
1109.npy,0,0.84105027,84.11,0.5925156,59.25,0.667076,66.71
1110.npy,0,0.8951454,89.51,0.80211747,80.21,0.83932865,83.93
1111.npy,1,0.86082256,86.08,0.68368256,68.37,0.7545386,75.45
1112.npy,1,0.85322285,85.32,0.5555079,55.55,0.6745939,67.46
1113.npy,1,0.8488127,84.88,0.41953546,41.95,0.5483186,54.83
1114.npy,1,0.885444,88.54,0.6252048,62.52,0.7293005,72.93
1115.npy,1,0.8687177,86.87,0.72714734,72.71,0.78377545,78.38
1117.npy,1,0.83020383,83.02,0.7204941,72.05,0.753407,75.34
1119.npy,0,0.8612374,86.12,0.3271424,32.71,0.5407804,54.08
1120.npy,1,0.8465272,84.65,0.36283007,36.28,0.5079392,50.79
1121.npy,0,0.8381612,83.82,0.5166547,51.67,0.6131066,61.31
1122.npy,1,0.8814594,88.15,0.9424499,94.24,0.93025184,93.03
1123.npy,1,0.882607,88.26,0.85419106,85.42,0.8598743,85.99
1124.npy,1,0.88460094,88.46,0.9209554,92.1,0.91368455,91.37
1125.npy,1,0.8904644,89.05,0.9473736,94.74,0.9359918,93.6
1126.npy,0,0.8721107,87.21,0.5935782,59.36,0.7049912,70.5
1127.npy,1,0.8805315,88.05,0.6668985,66.69,0.75235176,75.24
1128.npy,1,0.8636929,86.37,0.836037,83.6,0.84709936,84.71
1129.npy,1,0.8763939,87.64,0.8994584,89.95,0.89484555,89.48
1130.npy,0,0.8586156,85.86,0.52411115,52.41,0.65791297,65.79
1132.npy,1,0.8390392,83.9,0.5207834,52.08,0.6162602,61.63
1135.npy,1,0.8790809,87.91,0.49993753,49.99,0.6515949,65.16
1136.npy,0,0.8905839,89.06,0.8254071,82.54,0.85147786,85.15
1139.npy,0,0.85274076,85.27,0.5447723,54.48,0.6679597,66.8
1140.npy,0,0.8649516,86.5,0.64673656,64.67,0.7340226,73.4
1142.npy,1,0.87889993,87.89,0.43155697,43.16,0.61049414,61.05
1143.npy,0,0.876114,87.61,0.78676075,78.68,0.8225021,82.25
1146.npy,0,0.8598347,85.98,0.42611608,42.61,0.59960353,59.96
1147.npy,0,0.8353475,83.53,0.75507224,75.51,0.7791548,77.92
1148.npy,0,0.8683258,86.83,0.5834497,58.34,0.6974002,69.74
1149.npy,1,0.8705431,87.05,0.7611262,76.11,0.804893,80.49
1150.npy,0,0.8719861,87.2,0.5891641,58.92,0.7022929,70.23
1151.npy,1,0.8940347,89.4,0.67464274,67.46,0.76239955,76.24
1152.npy,1,0.87139577,87.14,0.4885757,48.86,0.6417037,64.17
1153.npy,0,0.8806869,88.07,0.5343683,53.44,0.6728957,67.29
1154.npy,0,0.86169595,86.17,0.41716686,41.72,0.5949785,59.5
1155.npy,1,0.8449106,84.49,0.45972684,45.97,0.575282,57.53
1156.npy,0,0.86321527,86.32,0.7145222,71.45,0.77399945,77.4
1157.npy,0,0.8674358,86.74,0.68323624,68.32,0.7569161,75.69
1158.npy,1,0.8660539,86.61,0.707625,70.76,0.7709966,77.1
1159.npy,1,0.8777031,87.77,0.7487638,74.88,0.8003395,80.03
1160.npy,1,0.8305906,83.06,0.6419052,64.19,0.6985108,69.85
1161.npy,1,0.86132944,86.13,0.806465,80.65,0.8284108,82.84
1162.npy,1,0.8365027,83.65,0.33295915,33.3,0.4840222,48.4
1163.npy,1,0.8392416,83.92,0.20351847,20.35,0.39423543,39.42
1164.npy,1,0.8264969,82.65,0.22113183,22.11,0.40274137,40.27
1166.npy,0,0.8978054,89.78,0.53765863,53.77,0.68171734,68.17
1167.npy,0,0.86040246,86.04,0.56924295,56.92,0.6857068,68.57
1169.npy,1,0.85273504,85.27,0.8014334,80.14,0.8219541,82.2
1171.npy,1,0.86182624,86.18,0.7222476,72.22,0.77807903,77.81
1173.npy,1,0.8353035,83.53,0.4964993,49.65,0.5981406,59.81
1174.npy,1,0.84015286,84.02,0.72010255,72.01,0.75611764,75.61
1176.npy,1,0.8504484,85.04,0.44941434,44.94,0.609828,60.98
1177.npy,1,0.896166,89.62,0.7029556,70.3,0.7802398,78.02
1178.npy,1,0.8721032,87.21,0.6687888,66.88,0.75011456,75.01
1179.npy,1,0.85810584,85.81,0.7134329,71.34,0.7713021,77.13
1180.npy,1,0.8677257,86.77,0.64311165,64.31,0.73295724,73.3
1182.npy,0,0.849864,84.99,0.45671177,45.67,0.57465744,57.47
1183.npy,0,0.8372728,83.73,0.43184242,43.18,0.55347157,55.35
1185.npy,0,0.873346,87.33,0.41159633,41.16,0.5962962,59.63
1186.npy,0,0.87165433,87.17,0.7845024,78.45,0.81936324,81.94
1188.npy,1,0.83481485,83.48,0.42341012,42.34,0.54683155,54.68
1189.npy,1,0.86470383,86.47,0.742366,74.24,0.7913012,79.13
1190.npy,1,0.84235704,84.24,0.6129935,61.3,0.6818025,68.18
1193.npy,1,0.8257872,82.58,0.72692025,72.69,0.7565803,75.66
1194.npy,0,0.835409,83.54,0.3108321,31.08,0.4682052,46.82
1195.npy,0,0.86326027,86.33,0.3836826,38.37,0.57551366,57.55
1196.npy,1,0.87395746,87.4,0.48328206,48.33,0.63955224,63.96
1197.npy,1,0.85275316,85.28,0.67185485,67.19,0.7442142,74.42
1198.npy,0,0.85521066,85.52,0.6913431,69.13,0.7568902,75.69
1199.npy,1,0.8612011,86.12,0.4311851,43.12,0.6031915,60.32
12.npy,0,0.6904175,69.04,0.66738707,66.74,0.6742962,67.43
1200.npy,1,0.87998074,88.0,0.62191767,62.19,0.72514296,72.51
1202.npy,0,0.85659707,85.66,0.6271301,62.71,0.7189169,71.89
1203.npy,0,0.8512295,85.12,0.52852863,52.85,0.657609,65.76
1204.npy,0,0.8283335,82.83,0.4900372,49.0,0.5915261,59.15
1205.npy,0,0.82909477,82.91,0.1491123,14.91,0.2851088,28.51
1206.npy,0,0.8660634,86.61,0.7075471,70.75,0.77095366,77.1
1207.npy,0,0.89126813,89.13,0.65235215,65.24,0.7479186,74.79
1208.npy,1,0.8503644,85.04,0.63702995,63.7,0.7223637,72.24
1210.npy,1,0.8819606,88.2,0.3923398,39.23,0.5881881,58.82
1211.npy,1,0.79254484,79.25,0.7066905,70.67,0.7324468,73.24
1213.npy,0,0.8787842,87.88,0.68363774,68.36,0.76169634,76.17
1219.npy,1,0.8239399,82.39,0.56736606,56.74,0.64433825,64.43
1221.npy,1,0.86964226,86.96,0.5639675,56.4,0.68623745,68.62
1223.npy,1,0.888717,88.87,0.77514946,77.51,0.82057655,82.06
1224.npy,1,0.8158938,81.59,0.37761953,37.76,0.5091018,50.91
1227.npy,1,0.8529639,85.3,0.41280735,41.28,0.58887,58.89
1228.npy,0,0.85226744,85.23,0.67187196,67.19,0.7440302,74.4
1229.npy,0,0.8712695,87.13,0.7060851,70.61,0.77215886,77.22
1230.npy,0,0.86573154,86.57,0.43181193,43.18,0.6053798,60.54
1231.npy,1,0.860335,86.03,0.555553,55.56,0.6774658,67.75
1232.npy,0,0.8783504,87.84,0.3848193,38.48,0.58223176,58.22
1234.npy,0,0.87120914,87.12,0.73619604,73.62,0.7902013,79.02
1235.npy,0,0.87459594,87.46,0.37154928,37.15,0.572768,57.28
1236.npy,0,0.85947686,85.95,0.6734382,67.34,0.74785364,74.79
1237.npy,1,0.87841684,87.84,0.93503743,93.5,0.9237133,92.37
1238.npy,1,0.85563356,85.56,0.68657345,68.66,0.7541975,75.42
1239.npy,1,0.8402212,84.02,0.70775336,70.78,0.74749374,74.75
1240.npy,0,0.8727404,87.27,0.61274326,61.27,0.71674216,71.67
1241.npy,1,0.8557618,85.58,0.5294561,52.95,0.6599784,66.0
1242.npy,0,0.88913393,88.91,0.7930485,79.3,0.8314827,83.15
1243.npy,1,0.858992,85.9,0.7234533,72.35,0.7776688,77.77
1244.npy,1,0.8403791,84.04,0.9308137,93.08,0.9127269,91.27
1245.npy,1,0.8582838,85.83,0.55393225,55.39,0.6756729,67.57
1246.npy,1,0.8596078,85.96,0.4106276,41.06,0.59021974,59.02
1248.npy,1,0.8359173,83.59,0.68160605,68.16,0.72789943,72.79
1249.npy,1,0.84787816,84.79,0.500229,50.02,0.6045238,60.45
1250.npy,1,0.84633386,84.63,0.7017364,70.17,0.74511564,74.51
1251.npy,0,0.8765977,87.66,0.38207087,38.21,0.5798816,57.99
1252.npy,0,0.88944274,88.94,0.39718172,39.72,0.59408617,59.41
1253.npy,0,0.8723098,87.23,0.3749517,37.5,0.573895,57.39
1254.npy,1,0.8941577,89.42,0.59648144,59.65,0.715552,71.56
1255.npy,1,0.8709834,87.1,0.48047784,48.05,0.6366801,63.67
1256.npy,1,0.87084115,87.08,0.7117523,71.18,0.7753879,77.54
1258.npy,0,0.8459159,84.59,0.5202094,52.02,0.61792135,61.79
1261.npy,1,0.8423359,84.23,0.45306763,45.31,0.5698481,56.98
1263.npy,0,0.8617547,86.18,0.19983599,19.98,0.46460348,46.46
1264.npy,0,0.83511055,83.51,0.28268617,28.27,0.4484135,44.84
1265.npy,0,0.86029816,86.03,0.31490272,31.49,0.5330609,53.31
1266.npy,0,0.8756037,87.56,0.60093313,60.09,0.71080136,71.08
1268.npy,0,0.8860489,88.6,0.76436114,76.44,0.81303626,81.3
1269.npy,0,0.8489006,84.89,0.66502416,66.5,0.72018707,72.02
1270.npy,0,0.8604698,86.05,0.586657,58.67,0.69618213,69.62
1271.npy,1,0.8772815,87.73,0.627652,62.77,0.7275038,72.75
1272.npy,1,0.86585695,86.59,0.6698485,66.98,0.7482519,74.83
1273.npy,1,0.8532961,85.33,0.50187886,50.19,0.6424458,64.24
1274.npy,1,0.86388695,86.39,0.44008592,44.01,0.6096064,60.96
1275.npy,1,0.84973705,84.97,0.56316954,56.32,0.6491398,64.91
1276.npy,0,0.8528454,85.28,0.6752674,67.53,0.7462986,74.63
1277.npy,0,0.82227594,82.23,0.48407805,48.41,0.58553743,58.55
1278.npy,0,0.8786572,87.87,0.54423666,54.42,0.6780049,67.8
1279.npy,0,0.84252846,84.25,0.50539464,50.54,0.60653484,60.65
1281.npy,0,0.8322606,83.23,0.87855816,87.86,0.86929864,86.93
1282.npy,0,0.85675895,85.68,0.9288664,92.89,0.9144449,91.44
1283.npy,0,0.835341,83.53,0.78212994,78.21,0.79809326,79.81
1284.npy,0,0.8562876,85.63,0.71722084,71.72,0.77284753,77.28
1285.npy,0,0.8611151,86.11,0.30460966,30.46,0.52721184,52.72
1286.npy,0,0.83421123,83.42,0.5335663,53.36,0.6237598,62.38
1287.npy,1,0.8600303,86.0,0.41256362,41.26,0.5915503,59.16
1288.npy,0,0.8747861,87.48,0.764833,76.48,0.8088142,80.88
1289.npy,0,0.85788214,85.79,0.4931528,49.32,0.6390445,63.9
1290.npy,0,0.87227523,87.23,0.6405926,64.06,0.73326564,73.33
1291.npy,0,0.85227185,85.23,0.61972594,61.97,0.71274436,71.27
1292.npy,0,0.8475876,84.76,0.3490288,34.9,0.49859643,49.86
1293.npy,0,0.8272232,82.72,0.27174535,27.17,0.4383887,43.84
1294.npy,0,0.8588017,85.88,0.4572297,45.72,0.6178585,61.79
1295.npy,0,0.84953326,84.95,0.30531868,30.53,0.46858305,46.86
1296.npy,0,0.8388174,83.88,0.49420658,49.42,0.59758985,59.76
1297.npy,0,0.8673663,86.74,0.5370184,53.7,0.6691576,66.92
1298.npy,0,0.8305823,83.06,0.4106522,41.07,0.5366312,53.66
1299.npy,0,0.8369916,83.7,0.5586034,55.86,0.6421199,64.21
1300.npy,1,0.8284814,82.85,0.4882119,48.82,0.59029275,59.03
1301.npy,0,0.8657033,86.57,0.58262444,58.26,0.695856,69.59
1302.npy,0,0.8124795,81.25,0.5360734,53.61,0.6189952,61.9
1304.npy,0,0.8642206,86.42,0.6644665,66.45,0.7443682,74.44
1305.npy,1,0.8851325,88.51,0.456141,45.61,0.62773764,62.77
1307.npy,0,0.8334424,83.34,0.34553584,34.55,0.4919078,49.19
1308.npy,0,0.83425254,83.43,0.21585809,21.59,0.40137643,40.14
1309.npy,0,0.84907407,84.91,0.64473194,64.47,0.7060346,70.6
1310.npy,0,0.84901726,84.9,0.76097614,76.1,0.7873885,78.74
1311.npy,0,0.8460323,84.6,0.6049302,60.49,0.6772609,67.73
1312.npy,0,0.8348433,83.48,0.4862323,48.62,0.5908156,59.08
1313.npy,0,0.83186007,83.19,0.6794215,67.94,0.7251531,72.52
1314.npy,0,0.8510829,85.11,0.33892527,33.89,0.5437884,54.38
1316.npy,0,0.8939956,89.4,0.85745156,85.75,0.8647604,86.48
1317.npy,0,0.863982,86.4,0.38784888,38.78,0.57830215,57.83
1318.npy,0,0.87801725,87.8,0.13065375,13.07,0.28012645,28.01
1319.npy,0,0.8368014,83.68,0.6017935,60.18,0.6722959,67.23
1320.npy,0,0.82561845,82.56,0.13140312,13.14,0.27024618,27.02
1321.npy,0,0.87172496,87.17,0.2683763,26.84,0.5097158,50.97
1322.npy,0,0.85145843,85.15,0.8620676,86.21,0.8599458,85.99
1323.npy,1,0.87783605,87.78,0.7174796,71.75,0.7816222,78.16
1326.npy,0,0.84177226,84.18,0.28721717,28.72,0.4535837,45.36
1327.npy,0,0.88595104,88.6,0.5589163,55.89,0.68973017,68.97
1328.npy,0,0.8361368,83.61,0.36467776,36.47,0.50611544,50.61
1329.npy,0,0.87158793,87.16,0.7705707,77.06,0.8109776,81.1
1330.npy,0,0.88186216,88.19,0.44235986,44.24,0.61816084,61.82
1331.npy,0,0.8321584,83.22,0.37455958,37.46,0.5118393,51.18
1333.npy,0,0.81053793,81.05,0.2531011,25.31,0.42033216,42.03
1334.npy,1,0.8755782,87.56,0.42864498,42.86,0.6074183,60.74
1336.npy,0,0.8029183,80.29,0.20669112,20.67,0.38555926,38.56
1337.npy,0,0.84794855,84.79,0.22949299,22.95,0.41502967,41.5
1338.npy,1,0.80533236,80.53,0.6732395,67.32,0.7128674,71.29
1341.npy,1,0.8493551,84.94,0.9187604,91.88,0.9048794,90.49
1343.npy,0,0.8595737,85.96,0.684155,68.42,0.7543225,75.43
1344.npy,0,0.83782035,83.78,0.25534615,25.53,0.4300884,43.01
1345.npy,0,0.8465207,84.65,0.5016689,50.17,0.6051245,60.51
1346.npy,0,0.8793019,87.93,0.43293485,43.29,0.61148167,61.15
1347.npy,0,0.79057825,79.06,0.5841473,58.41,0.64607656,64.61
1348.npy,0,0.84106505,84.11,0.5367396,53.67,0.6280372,62.8
1349.npy,0,0.8174836,81.75,0.56500465,56.5,0.6407483,64.07
1352.npy,1,0.90862453,90.86,0.8793382,87.93,0.8851955,88.52
1354.npy,0,0.8970591,89.71,0.587611,58.76,0.71139026,71.14
1355.npy,1,0.8819456,88.19,0.66740674,66.74,0.75322235,75.32
1357.npy,1,0.8722885,87.23,0.89501905,89.5,0.890473,89.05
1358.npy,1,0.8638425,86.38,0.74636626,74.64,0.7933568,79.34
1359.npy,1,0.85847586,85.85,0.7391399,73.91,0.7868743,78.69
1360.npy,1,0.8588542,85.89,0.65559286,65.56,0.7368974,73.69
1361.npy,1,0.8562601,85.63,0.6871973,68.72,0.7548225,75.48
1362.npy,1,0.84231913,84.23,0.5716288,57.16,0.6528359,65.28
1363.npy,1,0.86942863,86.94,0.7794202,77.94,0.8154236,81.54
1364.npy,1,0.8884786,88.85,0.816373,81.64,0.84521526,84.52
1365.npy,1,0.86995316,87.0,0.7810237,78.1,0.8165955,81.66
1366.npy,1,0.86663926,86.66,0.83071923,83.07,0.8450873,84.51
1367.npy,1,0.8397256,83.97,0.6005447,60.05,0.67229897,67.23
1368.npy,1,0.8564065,85.64,0.58569217,58.57,0.69397795,69.4
1369.npy,1,0.88486433,88.49,0.6051715,60.52,0.71704865,71.7
1370.npy,0,0.85373485,85.37,0.45913532,45.91,0.6169751,61.7
1371.npy,0,0.85523474,85.52,0.56502503,56.5,0.68110895,68.11
1373.npy,1,0.83143425,83.14,0.5860875,58.61,0.6596916,65.97
1374.npy,1,0.87519246,87.52,0.9177891,91.78,0.9092698,90.93
1377.npy,0,0.82490635,82.49,0.607112,60.71,0.6724503,67.25
1378.npy,1,0.891976,89.2,0.79684156,79.68,0.8348954,83.49
1379.npy,0,0.858723,85.87,0.65724045,65.72,0.7378335,73.78
1380.npy,1,0.8532319,85.32,0.7064187,70.64,0.765144,76.51
1381.npy,0,0.88965863,88.97,0.22848907,22.85,0.4929569,49.3
1382.npy,0,0.83127517,83.13,0.24302009,24.3,0.4194966,41.95
1383.npy,0,0.8570808,85.71,0.76221776,76.22,0.80016303,80.02
1386.npy,1,0.8538276,85.38,0.6637484,66.37,0.73978007,73.98
1387.npy,1,0.82654464,82.65,0.6564456,65.64,0.7074753,70.75
1388.npy,1,0.8289131,82.89,0.594116,59.41,0.66455513,66.46
1390.npy,1,0.8616638,86.17,0.5265481,52.65,0.6605944,66.06
1391.npy,1,0.8848011,88.48,0.48107684,48.11,0.64256656,64.26
1393.npy,0,0.85565454,85.57,0.38952816,38.95,0.57597876,57.6
1394.npy,1,0.86609805,86.61,0.71554303,71.55,0.77576506,77.58
1395.npy,1,0.87828714,87.83,0.6679803,66.8,0.7521031,75.21
1396.npy,1,0.8763763,87.64,0.7602073,76.02,0.8066749,80.67
1398.npy,0,0.80267274,80.27,0.81133103,81.13,0.8087335,80.87
1399.npy,1,0.8782326,87.82,0.7759429,77.59,0.8168588,81.69
14.npy,1,0.7494157,74.94,0.7634367,76.34,0.7592304,75.92
1400.npy,1,0.8760214,87.6,0.60589814,60.59,0.7139474,71.39
1402.npy,0,0.86551,86.55,0.6294737,62.95,0.7238883,72.39
1403.npy,1,0.864426,86.44,0.72855395,72.86,0.78290284,78.29
1404.npy,1,0.88371503,88.37,0.5212939,52.13,0.6662624,66.63
1405.npy,1,0.85029304,85.03,0.71654,71.65,0.7700412,77.0
1406.npy,1,0.8573273,85.73,0.82197785,82.2,0.8361176,83.61
1408.npy,1,0.90573674,90.57,0.51304066,51.3,0.6701191,67.01
1409.npy,1,0.8344806,83.45,0.40036258,40.04,0.530598,53.06
1410.npy,1,0.83197355,83.2,0.9565885,95.66,0.93166554,93.17
1411.npy,0,0.8773472,87.73,0.61370385,61.37,0.7191612,71.92
1412.npy,0,0.8635435,86.35,0.7739578,77.4,0.8097921,80.98
1413.npy,0,0.8839798,88.4,0.65521973,65.52,0.7467238,74.67
1415.npy,0,0.8640704,86.41,0.89675313,89.68,0.8902166,89.02
1416.npy,0,0.8511036,85.11,0.7062701,70.63,0.76420355,76.42
1417.npy,0,0.8520001,85.2,0.5483918,54.84,0.66983515,66.98
1418.npy,0,0.87819016,87.82,0.718607,71.86,0.7824403,78.24
1419.npy,1,0.8435604,84.36,0.48458353,48.46,0.5922766,59.23
1420.npy,0,0.8609802,86.1,0.25675398,25.68,0.4984445,49.84
1421.npy,0,0.8632182,86.32,0.48156765,48.16,0.6342279,63.42
1422.npy,0,0.86175597,86.18,0.6455906,64.56,0.73205674,73.21
1423.npy,0,0.85114306,85.11,0.55997074,56.0,0.67643964,67.64
1424.npy,0,0.8399488,83.99,0.37954187,37.95,0.51766396,51.77
1425.npy,0,0.85113066,85.11,0.47695097,47.7,0.6266229,62.66
1426.npy,0,0.84754384,84.75,0.8006691,80.07,0.8147315,81.47
1428.npy,0,0.872503,87.25,0.38233447,38.23,0.5784019,57.84
1429.npy,0,0.8573457,85.73,0.6702474,67.02,0.7450867,74.51
1432.npy,1,0.856156,85.62,0.6165269,61.65,0.7123785,71.24
1433.npy,1,0.8744317,87.44,0.70979565,70.98,0.77565014,77.57
1434.npy,0,0.8589506,85.9,0.46712375,46.71,0.6238545,62.39
1437.npy,0,0.8511939,85.12,0.50377536,50.38,0.64274275,64.27
1439.npy,0,0.8181594,81.82,0.41079307,41.08,0.533003,53.3
1440.npy,0,0.813927,81.39,0.3663705,36.64,0.5006375,50.06
1441.npy,0,0.87110156,87.11,0.5760449,57.6,0.6940676,69.41
1442.npy,0,0.88628244,88.63,0.6312752,63.13,0.73327816,73.33
1443.npy,0,0.88953334,88.95,0.8944064,89.44,0.8934318,89.34
1444.npy,0,0.88531625,88.53,0.83681977,83.68,0.8562184,85.62
1447.npy,1,0.8557189,85.57,0.5419691,54.2,0.667469,66.75
1448.npy,1,0.8560333,85.6,0.79368085,79.37,0.8186219,81.86
1449.npy,1,0.8694809,86.95,0.68972164,68.97,0.76162535,76.16
1450.npy,1,0.87662476,87.66,0.6132313,61.32,0.7185887,71.86
1452.npy,1,0.87188184,87.19,0.6059757,60.6,0.71233815,71.23
1453.npy,0,0.8576706,85.77,0.34745935,34.75,0.55154383,55.15
1454.npy,0,0.84946966,84.95,0.6042563,60.43,0.6778203,67.78
1455.npy,0,0.86845493,86.85,0.7093004,70.93,0.7729622,77.3
1456.npy,0,0.8668481,86.68,0.54480386,54.48,0.6736216,67.36
1457.npy,0,0.8561965,85.62,0.6076382,60.76,0.7070615,70.71
1458.npy,0,0.88896215,88.9,0.31470114,31.47,0.5444056,54.44
1459.npy,0,0.8585888,85.86,0.2742817,27.43,0.50800455,50.8
1461.npy,1,0.8696809,86.97,0.644209,64.42,0.73439777,73.44
1462.npy,1,0.88833666,88.83,0.68779755,68.78,0.76801324,76.8
1463.npy,1,0.89742553,89.74,0.743464,74.35,0.80504864,80.5
1464.npy,0,0.86651003,86.65,0.4457048,44.57,0.6140269,61.4
1466.npy,1,0.84384525,84.38,0.7397606,73.98,0.77098596,77.1
1468.npy,0,0.8696084,86.96,0.4145343,41.45,0.59656394,59.66
1469.npy,0,0.8703989,87.04,0.30639055,30.64,0.53199387,53.2
1470.npy,0,0.8576962,85.77,0.32526472,32.53,0.53823733,53.82
1472.npy,1,0.888161,88.82,0.55843604,55.84,0.69032604,69.03
1474.npy,0,0.85873795,85.87,0.73360944,73.36,0.7836609,78.37
1475.npy,0,0.8420023,84.2,0.4344585,43.45,0.5567216,55.67
1476.npy,0,0.83578414,83.58,0.8748033,87.48,0.86699945,86.7
1477.npy,0,0.8513376,85.13,0.46659255,46.66,0.62049055,62.05
1478.npy,1,0.84017766,84.02,0.21400513,21.4,0.4018569,40.19
1479.npy,0,0.8616889,86.17,0.49944082,49.94,0.64434004,64.43
1480.npy,1,0.8487837,84.88,0.82690084,82.69,0.8334657,83.35
1481.npy,0,0.8789919,87.9,0.69417435,69.42,0.7681014,76.81
1482.npy,0,0.85928947,85.93,0.7647062,76.47,0.8025395,80.25
1483.npy,0,0.85214156,85.21,0.41622126,41.62,0.5905894,59.06
1484.npy,1,0.87839305,87.84,0.8123322,81.23,0.83875656,83.88
1485.npy,1,0.88829535,88.83,0.7414258,74.14,0.80017364,80.02
1487.npy,1,0.7946031,79.46,0.2930768,29.31,0.4435347,44.35
1488.npy,1,0.8544612,85.45,0.7377217,73.77,0.7844175,78.44
1489.npy,1,0.8926616,89.27,0.47268158,47.27,0.64067364,64.07
1490.npy,1,0.8345402,83.45,0.32144865,32.14,0.47537613,47.54
1491.npy,1,0.8515564,85.16,0.38853696,38.85,0.5737448,57.37
1492.npy,1,0.84150535,84.15,0.6122423,61.22,0.6810212,68.1
1493.npy,1,0.85723114,85.72,0.5174909,51.75,0.65338707,65.34
1494.npy,0,0.8518316,85.18,0.4303622,43.04,0.59895,59.9
1497.npy,1,0.860933,86.09,0.9105384,91.05,0.9006173,90.06
1498.npy,1,0.81687135,81.69,0.70058715,70.06,0.73547244,73.55
1499.npy,0,0.8622936,86.23,0.8026406,80.26,0.82650185,82.65
15.npy,1,0.63483965,63.48,0.7787342,77.87,0.73556584,73.56
1500.npy,0,0.8548539,85.49,0.70332026,70.33,0.7639338,76.39
1501.npy,0,0.8543207,85.43,0.70168257,70.17,0.7627379,76.27
1502.npy,0,0.8348633,83.49,0.35444176,35.44,0.49856824,49.86
1503.npy,1,0.8796667,87.97,0.58393466,58.39,0.7022275,70.22
1504.npy,1,0.8023535,80.24,0.8509953,85.1,0.841267,84.13
1505.npy,1,0.8695696,86.96,0.6645407,66.45,0.7465523,74.66
1506.npy,1,0.8694831,86.95,0.51429445,51.43,0.6563699,65.64
1507.npy,1,0.8708428,87.08,0.78218156,78.22,0.8176461,81.76
1510.npy,0,0.87463725,87.46,0.7983953,79.84,0.8288921,82.89
1512.npy,0,0.82670003,82.67,0.3894184,38.94,0.5206029,52.06
1514.npy,1,0.838875,83.89,0.6120201,61.2,0.6800766,68.01
1516.npy,0,0.83565634,83.57,0.5996129,59.96,0.67042595,67.04
1517.npy,0,0.8705641,87.06,0.6650239,66.5,0.74724007,74.72
1518.npy,0,0.8547365,85.47,0.6141863,61.42,0.7104064,71.04
1519.npy,1,0.8456885,84.57,0.5139414,51.39,0.61346555,61.35
1522.npy,1,0.849394,84.94,0.4047278,40.47,0.53812766,53.81
1524.npy,0,0.84293735,84.29,0.54550236,54.55,0.63473284,63.47
1525.npy,0,0.83974826,83.97,0.5976335,59.76,0.67026794,67.03
1526.npy,1,0.8413683,84.14,0.5119578,51.2,0.61078095,61.08
1527.npy,1,0.9045048,90.45,0.64194447,64.19,0.7469686,74.7
1528.npy,1,0.8512907,85.13,0.3351243,33.51,0.5415909,54.16
1529.npy,0,0.83509433,83.51,0.2376452,23.76,0.41687995,41.69
1531.npy,0,0.8605404,86.05,0.8443795,84.44,0.8508439,85.08
1532.npy,0,0.86224204,86.22,0.43380797,43.38,0.6051816,60.52
1534.npy,1,0.8370906,83.71,0.60375625,60.38,0.67375654,67.38
1535.npy,0,0.8687409,86.87,0.20291914,20.29,0.46924785,46.92
1536.npy,0,0.8713914,87.14,0.38839155,38.84,0.5815915,58.16
1537.npy,0,0.8659274,86.59,0.547886,54.79,0.6751026,67.51
1538.npy,0,0.86262417,86.26,0.5108885,51.09,0.65158284,65.16
1539.npy,1,0.86131924,86.13,0.64527047,64.53,0.73169,73.17
1540.npy,1,0.8735188,87.35,0.81511825,81.51,0.8384785,83.85
1542.npy,1,0.8755161,87.55,0.72106284,72.11,0.7828442,78.28
1543.npy,1,0.8793483,87.93,0.921211,92.12,0.91283846,91.28
1544.npy,0,0.87177527,87.18,0.46698052,46.7,0.62889844,62.89
1547.npy,1,0.8643425,86.43,0.66285074,66.29,0.7434475,74.34
1548.npy,0,0.86268127,86.27,0.55446315,55.45,0.6777504,67.78
1549.npy,0,0.8693372,86.93,0.70877683,70.88,0.773001,77.3
1550.npy,0,0.8433884,84.34,0.514529,51.45,0.61318684,61.32
1552.npy,0,0.8363837,83.64,0.4664568,46.65,0.5774349,57.74
1553.npy,0,0.884127,88.41,0.68049425,68.05,0.7619474,76.19
1554.npy,0,0.8622467,86.22,0.59739447,59.74,0.7033354,70.33
1555.npy,1,0.871199,87.12,0.22118129,22.12,0.48118836,48.12
1556.npy,1,0.8751129,87.51,0.30003583,30.0,0.53006667,53.01
1558.npy,1,0.8623208,86.23,0.8450512,84.51,0.8519591,85.2
1560.npy,1,0.8851689,88.52,0.6937642,69.38,0.77032614,77.03
1561.npy,0,0.825538,82.55,0.6145049,61.45,0.6778148,67.78
1562.npy,0,0.8557938,85.58,0.6204847,62.05,0.7146084,71.46
1563.npy,1,0.8560554,85.61,0.73227257,73.23,0.7817857,78.18
1565.npy,0,0.8880335,88.8,0.57871836,57.87,0.70244443,70.24
1566.npy,0,0.85734874,85.73,0.5429709,54.3,0.66872203,66.87
1568.npy,1,0.83928984,83.93,0.75971353,75.97,0.7835864,78.36
1572.npy,1,0.8636054,86.36,0.7562935,75.63,0.79921824,79.92
1573.npy,1,0.88105613,88.11,0.8254702,82.55,0.8477046,84.77
1574.npy,1,0.8618907,86.19,0.9422579,94.23,0.9261844,92.62
1575.npy,1,0.83071387,83.07,0.79757726,79.76,0.80751824,80.75
1576.npy,1,0.8647138,86.47,0.60257137,60.26,0.70742834,70.74
1577.npy,0,0.88057023,88.06,0.78748673,78.75,0.82472014,82.47
1579.npy,1,0.84571636,84.57,0.41727832,41.73,0.54580975,54.58
1580.npy,1,0.8493166,84.93,0.26296103,26.3,0.4388677,43.89
1581.npy,0,0.8445218,84.45,0.11117053,11.12,0.25784078,25.78
1582.npy,1,0.85999715,86.0,0.6081677,60.82,0.7088995,70.89
1583.npy,1,0.851031,85.1,0.36874768,36.87,0.561661,56.17
1584.npy,1,0.869246,86.92,0.65193427,65.19,0.738859,73.89
1585.npy,1,0.82756346,82.76,0.83626336,83.63,0.83365345,83.37
1587.npy,1,0.86503136,86.5,0.7056113,70.56,0.7693794,76.94
1589.npy,1,0.8432932,84.33,0.60032123,60.03,0.6732128,67.32
1590.npy,0,0.8624264,86.24,0.525457,52.55,0.6602448,66.02
1592.npy,1,0.8501867,85.02,0.56573355,56.57,0.6795148,67.95
1593.npy,0,0.86551154,86.55,0.42975324,42.98,0.6040566,60.41
1594.npy,1,0.8592752,85.93,0.6244827,62.45,0.71839976,71.84
1595.npy,1,0.8004259,80.04,0.7319407,73.19,0.7524862,75.25
1596.npy,1,0.86091834,86.09,0.7883363,78.83,0.8173691,81.74
1597.npy,1,0.85548866,85.55,0.8096927,80.97,0.8280111,82.8
1598.npy,0,0.86584824,86.58,0.6770159,67.7,0.7525489,75.25
1599.npy,1,0.8423421,84.23,0.62991434,62.99,0.6936426,69.36
16.npy,1,0.7748168,77.48,0.8899425,88.99,0.86691743,86.69
1602.npy,1,0.8793454,87.93,0.52531826,52.53,0.6669291,66.69
1604.npy,0,0.84262055,84.26,0.39570272,39.57,0.5297781,52.98
1606.npy,0,0.8540732,85.41,0.485077,48.51,0.6326755,63.27
1607.npy,1,0.8819815,88.2,0.8040019,80.4,0.83519375,83.52
1608.npy,1,0.8303229,83.03,0.4639478,46.39,0.57386035,57.39
1609.npy,1,0.8863958,88.64,0.89608705,89.61,0.8941488,89.41
1611.npy,1,0.87354183,87.35,0.77905494,77.91,0.8168497,81.68
1613.npy,1,0.8239778,82.4,0.75905126,75.91,0.7785292,77.85
1614.npy,1,0.8205371,82.05,0.73580575,73.58,0.7612251,76.12
1615.npy,1,0.8890687,88.91,0.59201336,59.2,0.7108356,71.08
1616.npy,1,0.8458354,84.58,0.7566696,75.67,0.7834193,78.34
1617.npy,0,0.82823956,82.82,0.554964,55.5,0.6369467,63.69
1618.npy,1,0.8846043,88.46,0.48343915,48.34,0.6439052,64.39
1619.npy,1,0.8486975,84.87,0.33749497,33.75,0.49085575,49.09
1621.npy,1,0.8581041,85.81,0.6196487,61.96,0.7150309,71.5
1623.npy,1,0.8310164,83.1,0.75611776,75.61,0.7785874,77.86
1626.npy,1,0.8541948,85.42,0.75903034,75.9,0.79709613,79.71
1627.npy,0,0.8742248,87.42,0.5070724,50.71,0.6539334,65.39
1628.npy,1,0.8503958,85.04,0.7834795,78.35,0.81024605,81.02
1630.npy,0,0.8432887,84.33,0.5009906,50.1,0.6036801,60.37
1633.npy,1,0.8339218,83.39,0.69414604,69.41,0.73607874,73.61
1635.npy,1,0.88517064,88.52,0.8474087,84.74,0.86251354,86.25
1636.npy,1,0.84495866,84.5,0.5606162,56.06,0.64591897,64.59
1637.npy,1,0.8515886,85.16,0.69693893,69.69,0.75879884,75.88
1638.npy,1,0.8530513,85.31,0.8211934,82.12,0.8339366,83.39
1639.npy,1,0.8720094,87.2,0.7140223,71.4,0.77721715,77.72
1641.npy,0,0.87544525,87.54,0.46903318,46.9,0.631598,63.16
1642.npy,0,0.85839397,85.84,0.41472664,41.47,0.5921936,59.22
1643.npy,1,0.8695443,86.95,0.7345572,73.46,0.7885521,78.86
1645.npy,1,0.8250658,82.51,0.3664216,36.64,0.50401485,50.4
1646.npy,1,0.823143,82.31,0.2864293,28.64,0.44744343,44.74
1647.npy,1,0.8684393,86.84,0.4636873,46.37,0.6255881,62.56
1648.npy,1,0.85306567,85.31,0.61354625,61.35,0.70935404,70.94
1652.npy,1,0.8684975,86.85,0.74482197,74.48,0.7942922,79.43
1653.npy,1,0.8587791,85.88,0.62825316,62.83,0.7204635,72.05
1655.npy,1,0.86321354,86.32,0.80245197,80.25,0.8267566,82.68
1656.npy,0,0.87099504,87.1,0.640909,64.09,0.7329434,73.29
1657.npy,1,0.8811218,88.11,0.9394018,93.94,0.9277458,92.77
1658.npy,1,0.8898102,88.98,0.9110065,91.1,0.9067673,90.68
1659.npy,1,0.87735975,87.74,0.804094,80.41,0.8334003,83.34
1660.npy,1,0.8882597,88.83,0.7120245,71.2,0.7825186,78.25
1662.npy,0,0.8554982,85.55,0.59572977,59.57,0.6996372,69.96
1663.npy,0,0.81923753,81.92,0.25938952,25.94,0.42734393,42.73
1665.npy,1,0.8551773,85.52,0.53066176,53.07,0.660468,66.05
1666.npy,1,0.8574792,85.75,0.33748433,33.75,0.5454823,54.55
1667.npy,1,0.86556613,86.56,0.4282669,42.83,0.6031866,60.32
1670.npy,1,0.89330703,89.33,0.7361384,73.61,0.79900587,79.9
1672.npy,1,0.84708846,84.71,0.3951576,39.52,0.53073686,53.07
1673.npy,1,0.85792387,85.79,0.67499346,67.5,0.7481656,74.82
1674.npy,1,0.8515766,85.16,0.5750977,57.51,0.6856893,68.57
1675.npy,1,0.888268,88.83,0.71018195,71.02,0.7814164,78.14
1676.npy,1,0.88375294,88.38,0.44025165,44.03,0.6176522,61.77
1677.npy,1,0.87759197,87.76,0.42274752,42.27,0.6046853,60.47
1678.npy,1,0.85569507,85.57,0.8866655,88.67,0.8804714,88.05
1679.npy,1,0.81838435,81.84,0.53372014,53.37,0.6191194,61.91
1680.npy,1,0.8359396,83.59,0.5923678,59.24,0.66543937,66.54
1681.npy,1,0.86348104,86.35,0.36621407,36.62,0.5651209,56.51
1682.npy,1,0.830516,83.05,0.29963487,29.96,0.4588992,45.89
1683.npy,1,0.8852259,88.52,0.5335388,53.35,0.67421365,67.42
1689.npy,0,0.8394284,83.94,0.24826984,24.83,0.42561746,42.56
1690.npy,0,0.887187,88.72,0.79599094,79.6,0.8324694,83.25
1692.npy,1,0.8485672,84.86,0.45645085,45.65,0.5740857,57.41
1693.npy,1,0.86213744,86.21,0.7341226,73.41,0.7853285,78.53
1694.npy,1,0.8691184,86.91,0.72645044,72.65,0.78351766,78.35
1695.npy,1,0.891722,89.17,0.90878046,90.88,0.9053688,90.54
1698.npy,1,0.85763395,85.76,0.735193,73.52,0.78416944,78.42
1699.npy,1,0.86863357,86.86,0.71487707,71.49,0.7763797,77.64
17.npy,1,0.73979867,73.98,0.7098877,70.99,0.718861,71.89
1700.npy,1,0.8782566,87.83,0.9402502,94.03,0.9278515,92.79
1704.npy,0,0.8547632,85.48,0.65538037,65.54,0.7351335,73.51
1705.npy,0,0.8746357,87.46,0.44292977,44.29,0.61561215,61.56
1709.npy,0,0.8745476,87.45,0.74065715,74.07,0.79421335,79.42
171.npy,1,0.82159424,82.16,0.9841621,98.42,0.95164853,95.16
1712.npy,1,0.85036546,85.04,0.70471704,70.47,0.7629764,76.3
1713.npy,1,0.85673016,85.67,0.60668796,60.67,0.70670485,70.67
1714.npy,1,0.8931197,89.31,0.5444255,54.44,0.6839032,68.39
1716.npy,1,0.8858935,88.59,0.89232594,89.23,0.8910395,89.1
1719.npy,0,0.85290956,85.29,0.48520935,48.52,0.63228947,63.23
172.npy,1,0.8220774,82.21,0.98804396,98.8,0.9548507,95.49
1720.npy,1,0.8647043,86.47,0.6379467,63.79,0.7286498,72.86
1723.npy,0,0.8390589,83.91,0.07727676,7.73,0.22963318,22.96
1724.npy,1,0.86769086,86.77,0.50427777,50.43,0.64964306,64.96
1725.npy,0,0.8744508,87.45,0.41249835,41.25,0.5972793,59.73
1727.npy,1,0.83768016,83.77,0.44910702,44.91,0.56567895,56.57
1729.npy,1,0.87554944,87.55,0.7390128,73.9,0.7936275,79.36
173.npy,1,0.8014747,80.15,0.98887175,98.89,0.95139235,95.14
1730.npy,0,0.8628872,86.29,0.6055339,60.55,0.70847523,70.85
1732.npy,0,0.85132694,85.13,0.62666786,62.67,0.7165315,71.65
1733.npy,1,0.882335,88.23,0.7284646,72.85,0.7900128,79.0
1735.npy,0,0.88454705,88.45,0.6944987,69.45,0.77051806,77.05
1737.npy,1,0.85539496,85.54,0.62018603,62.02,0.71426964,71.43
1738.npy,1,0.8490984,84.91,0.5556818,55.57,0.6437068,64.37
174.npy,1,0.8279953,82.8,0.9859002,98.59,0.95431924,95.43
1740.npy,0,0.83592796,83.59,0.52791446,52.79,0.62031853,62.03
1741.npy,0,0.8279883,82.8,0.39906174,39.91,0.5277397,52.77
1742.npy,1,0.87814254,87.81,0.5165905,51.66,0.6612113,66.12
1743.npy,0,0.8604703,86.05,0.46781737,46.78,0.6248785,62.49
1744.npy,0,0.8676801,86.77,0.67569333,67.57,0.752488,75.25
1745.npy,1,0.84052706,84.05,0.56315285,56.32,0.64636517,64.64
1746.npy,0,0.8851255,88.51,0.50293136,50.29,0.65580904,65.58
1747.npy,1,0.83997566,84.0,0.672439,67.24,0.7227,72.27
1748.npy,1,0.86287135,86.29,0.6264804,62.65,0.7210368,72.1
1749.npy,1,0.8572607,85.73,0.58219993,58.22,0.69222426,69.22
175.npy,1,0.7686757,76.87,0.9842073,98.42,0.941101,94.11
1750.npy,1,0.8576412,85.76,0.66930354,66.93,0.7446387,74.46
1753.npy,0,0.85243165,85.24,0.41752514,41.75,0.59148777,59.15
1754.npy,1,0.90643615,90.64,0.60105914,60.11,0.72321,72.32
1755.npy,1,0.85199296,85.2,0.39065608,39.07,0.57519084,57.52
1757.npy,1,0.87362015,87.36,0.9122794,91.23,0.9045476,90.45
1759.npy,1,0.8695483,86.95,0.83645284,83.65,0.84969103,84.97
176.npy,1,0.7809923,78.1,0.98589534,98.59,0.9449147,94.49
1760.npy,0,0.86842,86.84,0.90725327,90.73,0.8994866,89.95
1761.npy,1,0.86624223,86.62,0.79028267,79.03,0.82066655,82.07
1762.npy,1,0.8475642,84.76,0.4716544,47.17,0.58442736,58.44
1764.npy,1,0.89004374,89.0,0.916841,91.68,0.9114815,91.15
1766.npy,1,0.87040055,87.04,0.54643184,54.64,0.6760193,67.6
1767.npy,0,0.85763055,85.76,0.4343264,43.43,0.60364807,60.36
177.npy,1,0.78237784,78.24,0.96450716,96.45,0.9280813,92.81
1772.npy,1,0.8285402,82.85,0.66253036,66.25,0.7123333,71.23
1773.npy,1,0.85551596,85.55,0.7531364,75.31,0.79408824,79.41
1777.npy,1,0.8661315,86.61,0.8817732,88.18,0.8786448,87.86
178.npy,1,0.74727833,74.73,0.952662,95.27,0.9115853,91.16
1780.npy,1,0.87784135,87.78,0.7648819,76.49,0.8100657,81.01
1781.npy,1,0.8804574,88.05,0.87755805,87.76,0.87813795,87.81
1782.npy,0,0.85712737,85.71,0.6454359,64.54,0.73011255,73.01
1783.npy,1,0.8793047,87.93,0.64308363,64.31,0.7375721,73.76
1785.npy,1,0.8306707,83.07,0.23995928,24.0,0.41717273,41.72
1787.npy,1,0.855682,85.57,0.6178064,61.78,0.71295667,71.3
1788.npy,1,0.8471559,84.72,0.7872396,78.72,0.8052145,80.52
179.npy,1,0.7521004,75.21,0.9837226,98.37,0.9373982,93.74
1790.npy,1,0.8608794,86.09,0.63092077,63.09,0.7229042,72.29
1791.npy,1,0.8526665,85.27,0.40901977,40.9,0.5864785,58.65
1792.npy,1,0.830931,83.09,0.73245335,73.25,0.7619966,76.2
1794.npy,1,0.85261333,85.26,0.59141594,59.14,0.69589496,69.59
1795.npy,1,0.86041677,86.04,0.52808636,52.81,0.66101855,66.1
1796.npy,1,0.9034837,90.35,0.802572,80.26,0.8429367,84.29
1797.npy,1,0.8789221,87.89,0.7095993,70.96,0.7773285,77.73
1798.npy,1,0.8204093,82.04,0.6044505,60.45,0.66923815,66.92
1799.npy,1,0.8684473,86.84,0.7181189,71.81,0.77825034,77.83
18.npy,1,0.6835491,68.35,0.7641855,76.42,0.7399945,74.0
180.npy,1,0.75371516,75.37,0.95228565,95.23,0.91257155,91.26
181.npy,1,0.7708235,77.08,0.9737525,97.38,0.93316674,93.32
182.npy,1,0.760681,76.07,0.9868767,98.69,0.9416376,94.16
183.npy,1,0.7329358,73.29,0.9748862,97.49,0.92649615,92.65
184.npy,1,0.7213263,72.13,0.93776435,93.78,0.8944768,89.45
185.npy,1,0.72162235,72.16,0.9658251,96.58,0.91698456,91.7
186.npy,1,0.74124455,74.12,0.9434178,94.34,0.9029831,90.3
187.npy,1,0.7859701,78.6,0.9255956,92.56,0.8976705,89.77
188.npy,1,0.75534546,75.53,0.9248564,92.49,0.89095426,89.1
189.npy,1,0.76130164,76.13,0.9411989,94.12,0.90521944,90.52
19.npy,1,0.6895345,68.95,0.42917928,42.92,0.50728583,50.73
190.npy,1,0.75680834,75.68,0.9592507,95.93,0.9187622,91.88
191.npy,1,0.7567992,75.68,0.98291826,98.29,0.9376945,93.77
192.npy,1,0.74986655,74.99,0.98489815,98.49,0.93789184,93.79
193.npy,1,0.7597228,75.97,0.9845442,98.45,0.93957996,93.96
194.npy,1,0.7681929,76.82,0.9843597,98.44,0.94112635,94.11
195.npy,1,0.7611267,76.11,0.94556,94.56,0.9086733,90.87
196.npy,1,0.8131234,81.31,0.8370202,83.7,0.82985115,82.99
197.npy,1,0.79848593,79.85,0.9465236,94.65,0.9169161,91.69
198.npy,1,0.7888104,78.88,0.9543749,95.44,0.921262,92.13
199.npy,1,0.725266,72.53,0.71525735,71.53,0.71825993,71.83
2.npy,1,0.790553,79.06,0.7393356,73.93,0.7547008,75.47
20.npy,1,0.7401784,74.02,0.8900614,89.01,0.86008483,86.01
200.npy,1,0.7183261,71.83,0.4573046,45.73,0.53561103,53.56
201.npy,1,0.71856034,71.86,0.62559444,62.56,0.6534842,65.35
202.npy,1,0.74017984,74.02,0.43106413,43.11,0.5237988,52.38
203.npy,1,0.7735343,77.35,0.91592526,91.59,0.8874471,88.74
204.npy,1,0.7725994,77.26,0.8716229,87.16,0.8518182,85.18
205.npy,1,0.78944874,78.94,0.8616624,86.17,0.8472197,84.72
206.npy,1,0.782917,78.29,0.9287642,92.88,0.89959484,89.96
207.npy,1,0.75729585,75.73,0.6886271,68.86,0.70922774,70.92
208.npy,1,0.74851286,74.85,0.9463694,94.64,0.9067981,90.68
209.npy,1,0.74750197,74.75,0.83165866,83.17,0.8064117,80.64
21.npy,1,0.7622968,76.23,0.8947251,89.47,0.86823946,86.82
210.npy,1,0.7324206,73.24,0.87841755,87.84,0.8492182,84.92
211.npy,1,0.7324206,73.24,0.87841755,87.84,0.8492182,84.92
212.npy,1,0.7324206,73.24,0.87841755,87.84,0.8492182,84.92
213.npy,1,0.7324206,73.24,0.87841755,87.84,0.8492182,84.92
214.npy,1,0.7324206,73.24,0.87841755,87.84,0.8492182,84.92
215.npy,1,0.75673056,75.67,0.5756602,57.57,0.62998134,63.0
216.npy,1,0.7515558,75.16,0.7531792,75.32,0.75269216,75.27
217.npy,1,0.7203814,72.04,0.5737459,57.37,0.6177365,61.77
218.npy,1,0.7355467,73.55,0.7516221,75.16,0.74679947,74.68
219.npy,1,0.7466208,74.66,0.37369326,37.37,0.4855715,48.56
22.npy,0,0.73767287,73.77,0.8772415,87.72,0.8493278,84.93
220.npy,1,0.7880508,78.81,0.80259067,80.26,0.79822874,79.82
221.npy,1,0.7770727,77.71,0.98540443,98.54,0.9437381,94.37
222.npy,1,0.7544962,75.45,0.5313537,53.14,0.59829646,59.83
223.npy,1,0.8008439,80.08,0.97929525,97.93,0.943605,94.36
224.npy,1,0.8005285,80.05,0.96612394,96.61,0.93300486,93.3
225.npy,1,0.7916981,79.17,0.96711046,96.71,0.932028,93.2
226.npy,1,0.796974,79.7,0.93788517,93.79,0.90970296,90.97
227.npy,1,0.76664704,76.66,0.9143277,91.43,0.8847916,88.48
228.npy,1,0.77989405,77.99,0.2606693,26.07,0.41643673,41.64
229.npy,1,0.78276,78.28,0.848232,84.82,0.8285904,82.86
23.npy,1,0.7162935,71.63,0.51383847,51.38,0.57457495,57.46
230.npy,1,0.7936321,79.36,0.9097555,90.98,0.8865309,88.65
231.npy,1,0.6997659,69.98,0.18100812,18.1,0.33663547,33.66
232.npy,1,0.68752867,68.75,0.9482953,94.83,0.896142,89.61
233.npy,1,0.7258127,72.58,0.9862742,98.63,0.93418187,93.42
234.npy,1,0.72179824,72.18,0.98059523,98.06,0.92883587,92.88
235.npy,1,0.7607955,76.08,0.8798943,87.99,0.8560746,85.61
236.npy,1,0.7719828,77.2,0.8768588,87.69,0.8558836,85.59
237.npy,1,0.7502911,75.03,0.85126424,85.13,0.8310696,83.11
238.npy,1,0.7583035,75.83,0.85946,85.95,0.83922875,83.92
239.npy,1,0.7681266,76.81,0.9336796,93.37,0.90056896,90.06
24.npy,1,0.79597485,79.6,0.818842,81.88,0.81198186,81.2
240.npy,1,0.7621368,76.21,0.9269839,92.7,0.8940145,89.4
241.npy,1,0.7643831,76.44,0.9270602,92.71,0.89452475,89.45
242.npy,1,0.7905212,79.05,0.9007188,90.07,0.8786793,87.87
243.npy,1,0.69098777,69.1,0.68588436,68.59,0.68741536,68.74
244.npy,1,0.6831543,68.32,0.53544515,53.54,0.57975787,57.98
245.npy,1,0.68779373,68.78,0.6331783,63.32,0.6495629,64.96
246.npy,1,0.6436426,64.36,0.6942461,69.42,0.6790651,67.91
247.npy,1,0.8673605,86.74,0.9419584,94.2,0.92703885,92.7
248.npy,1,0.8402937,84.03,0.9793357,97.93,0.95152736,95.15
249.npy,1,0.8488331,84.88,0.948457,94.85,0.92853224,92.85
25.npy,0,0.65617406,65.62,0.7317269,73.17,0.709061,70.91
250.npy,1,0.8337388,83.37,0.8702396,87.02,0.8629395,86.29
251.npy,0,0.6511494,65.11,0.3460011,34.6,0.4375456,43.75
252.npy,0,0.6768149,67.68,0.31265152,31.27,0.42190054,42.19
253.npy,0,0.6119832,61.2,0.2546803,25.47,0.36187118,36.19
254.npy,0,0.6113388,61.13,0.04291927,4.29,0.15660317,15.66
255.npy,0,0.5853931,58.54,0.028407453,2.84,0.13980457,13.98
256.npy,0,0.60507303,60.51,0.16076286,16.08,0.29405594,29.41
257.npy,0,0.6408297,64.08,0.12850806,12.85,0.2309724,23.1
258.npy,0,0.5337818,53.38,0.10790181,10.79,0.19307782,19.31
259.npy,0,0.67042357,67.04,0.14455771,14.46,0.24973089,24.97
26.npy,0,0.7812501,78.13,0.66832703,66.83,0.702204,70.22
260.npy,0,0.62742406,62.74,0.04695877,4.7,0.16305183,16.31
261.npy,0,0.6672787,66.73,0.127014,12.7,0.23506694,23.51
262.npy,0,0.6286324,62.86,0.47559434,47.56,0.5215058,52.15
263.npy,1,0.5241785,52.42,0.9034778,90.35,0.82761794,82.76
264.npy,1,0.526102,52.61,0.5768402,57.68,0.56161875,56.16
265.npy,1,0.53431576,53.43,0.84778374,84.78,0.7537434,75.37
266.npy,1,0.53336877,53.34,0.8287525,82.88,0.7401374,74.01
267.npy,1,0.52845687,52.85,0.43874335,43.87,0.4656574,46.57
268.npy,1,0.54463446,54.46,0.62042576,62.04,0.5976884,59.77
269.npy,1,0.5349798,53.5,0.8628522,86.29,0.79727775,79.73
27.npy,1,0.7771651,77.72,0.7204636,72.05,0.737474,73.75
270.npy,1,0.67205596,67.21,0.31434357,31.43,0.4216573,42.17
271.npy,1,0.5373863,53.74,0.8724064,87.24,0.8054024,80.54
272.npy,1,0.50930846,50.93,0.8126071,81.26,0.72161746,72.16
273.npy,1,0.5374454,53.74,0.5984429,59.84,0.5801437,58.01
274.npy,1,0.57719016,57.72,0.82298857,82.3,0.74924904,74.92
275.npy,1,0.52044034,52.04,0.86806244,86.81,0.798538,79.85
276.npy,1,0.5583087,55.83,0.80905086,80.91,0.73382825,73.38
277.npy,1,0.5387806,53.88,0.67354846,67.35,0.6331181,63.31
feature_001.npy,0,0.23501721,23.5,0.8931021,89.31,0.76148516,76.15
feature_002.npy,0,0.45119247,45.12,0.4380539,43.81,0.4419955,44.2
feature_003.npy,0,0.38111702,38.11,0.0013155155,0.13,0.07727581,7.73
feature_004.npy,0,0.3986249,39.86,0.22722147,22.72,0.2786425,27.86
feature_005.npy,0,0.29828662,29.83,0.014750482,1.48,0.07145771,7.15
feature_006.npy,0,0.16837886,16.84,0.5854265,58.54,0.46031222,46.03
feature_007.npy,0,0.2605489,26.05,0.85415876,85.42,0.7354368,73.54
feature_008.npy,0,0.2835033,28.35,0.12065215,12.07,0.15322238,15.32
feature_009.npy,0,0.36448497,36.45,0.13919602,13.92,0.18425381,18.43
feature_010.npy,0,0.15650678,15.65,0.7494597,74.95,0.5715738,57.16
feature_011.npy,0,0.2924451,29.24,0.3613126,36.13,0.34065235,34.07
feature_012.npy,0,0.23719725,23.72,0.577803,57.78,0.47562128,47.56
feature_013.npy,0,0.26582128,26.58,0.89546263,89.55,0.76953435,76.95
feature_014.npy,0,0.3988726,39.89,0.27592894,27.59,0.31281203,31.28
feature_015.npy,0,0.2702735,27.03,0.62808436,62.81,0.5207411,52.07
feature_016.npy,0,0.35065928,35.07,0.22708035,22.71,0.26415402,26.42
feature_017.npy,0,0.42120296,42.12,0.6630375,66.3,0.5904871,59.05
feature_018.npy,0,0.3295701,32.96,0.52149105,52.15,0.46391475,46.39
feature_019.npy,0,0.36535925,36.54,0.24495238,24.5,0.28107443,28.11
feature_020.npy,0,0.31311488,31.31,0.2959268,29.59,0.30108324,30.11
feature_021.npy,0,0.2573715,25.74,0.17686564,17.69,0.2010174,20.1
feature_022.npy,0,0.29433012,29.43,0.5500709,55.01,0.47334865,47.33
feature_023.npy,0,0.2844359,28.44,0.3317954,33.18,0.31758755,31.76
feature_024.npy,0,0.26587397,26.59,0.039561313,3.96,0.08482385,8.48
feature_025.npy,0,0.34037465,34.04,0.56258863,56.26,0.4959244,49.59
feature_026.npy,0,0.536596,53.66,0.16559596,16.56,0.276896,27.69
feature_027.npy,0,0.3733251,37.33,0.4949179,49.49,0.45844007,45.84
feature_028.npy,0,0.32989132,32.99,0.7726806,77.27,0.6398438,63.98
feature_029.npy,0,0.20733444,20.73,0.56294465,56.29,0.45626158,45.63
feature_030.npy,0,0.3233326,32.33,0.4234425,42.34,0.39340955,39.34
feature_031.npy,0,0.22330609,22.33,0.0025371427,0.25,0.046690933,4.67
feature_032.npy,0,0.2413077,24.13,0.23254994,23.25,0.23517726,23.52
feature_033.npy,0,0.34400648,34.4,0.083989955,8.4,0.13599327,13.6
feature_034.npy,0,0.3456755,34.57,0.002577852,0.26,0.07119738,7.12
feature_035.npy,0,0.44444615,44.44,0.8408905,84.09,0.7219572,72.2
feature_036.npy,0,0.27823484,27.82,0.15406114,15.41,0.19131325,19.13
feature_037.npy,0,0.22629604,22.63,0.2566293,25.66,0.24752931,24.75
feature_038.npy,0,0.3707052,37.07,0.8481536,84.82,0.70491904,70.49
feature_039.npy,0,0.35594803,35.59,0.7266449,72.66,0.6154358,61.54
feature_040.npy,0,0.38252285,38.25,0.2921146,29.21,0.31923705,31.92
feature_041.npy,0,0.36316594,36.32,0.0019110342,0.19,0.07416202,7.42
feature_042.npy,0,0.2822687,28.23,0.8596483,85.96,0.7441724,74.42
feature_043.npy,0,0.27960503,27.96,0.23031995,23.03,0.24510548,24.51
feature_044.npy,0,0.22681479,22.68,0.23493305,23.49,0.23249757,23.25
feature_045.npy,0,0.3004083,30.04,0.24773306,24.77,0.26353562,26.35
feature_046.npy,0,0.33481166,33.48,0.7498393,74.98,0.625331,62.53
feature_047.npy,0,0.48721975,48.72,0.7425655,74.26,0.66596174,66.6
feature_048.npy,0,0.31406567,31.41,0.6788262,67.88,0.56939805,56.94
feature_049.npy,0,0.18787766,18.79,0.49300876,49.3,0.4014694,40.15
feature_050.npy,0,0.28331822,28.33,0.003219785,0.32,0.059239473,5.92
feature_051.npy,0,0.25788334,25.79,0.8737306,87.37,0.7505612,75.06
feature_052.npy,0,0.2930135,29.3,0.88931465,88.93,0.7700544,77.01
feature_053.npy,0,0.35594192,35.59,0.6762604,67.63,0.58016485,58.02
feature_054.npy,0,0.28270993,28.27,0.33204457,33.2,0.31724417,31.72
feature_055.npy,0,0.4659235,46.59,0.0050245957,0.5,0.09720438,9.72
feature_056.npy,0,0.2628332,26.28,0.0458293,4.58,0.08923008,8.92
feature_057.npy,0,0.29007134,29.01,0.89015615,89.02,0.7701392,77.01
feature_058.npy,0,0.23061132,23.06,0.28406966,28.41,0.26803216,26.8
feature_059.npy,0,0.37738377,37.74,0.31868762,31.87,0.33629647,33.63
feature_060.npy,0,0.25817388,25.82,0.92599905,92.6,0.79243404,79.24
feature_061.npy,0,0.2460515,24.61,0.60527796,60.53,0.49751002,49.75
feature_062.npy,0,0.35525024,35.53,0.052532587,5.25,0.11307612,11.31
feature_063.npy,0,0.24946645,24.95,0.31350857,31.35,0.29429594,29.43
feature_064.npy,0,0.44140467,44.14,0.4764353,47.64,0.4659261,46.59
feature_065.npy,0,0.24011154,24.01,0.88010335,88.01,0.752105,75.21
feature_066.npy,0,0.39263842,39.26,0.5547155,55.47,0.50609237,50.61
feature_067.npy,0,0.30505404,30.51,0.18409847,18.41,0.22038513,22.04
feature_068.npy,0,0.35250804,35.25,0.0019254074,0.19,0.072041936,7.2
feature_069.npy,0,0.38000304,38.0,0.4551809,45.52,0.43262756,43.26
feature_070.npy,0,0.3533303,35.33,0.39765057,39.77,0.38435447,38.44
feature_071.npy,0,0.30208462,30.21,0.94045454,94.05,0.81278056,81.28
feature_072.npy,0,0.33961743,33.96,0.010720451,1.07,0.07649985,7.65
feature_073.npy,0,0.25352833,25.35,0.0030982415,0.31,0.05318426,5.32
feature_074.npy,0,0.20462728,20.46,0.42932162,42.93,0.36191332,36.19
feature_075.npy,0,0.26358038,26.36,0.88219434,88.22,0.75847155,75.85
feature_076.npy,0,0.41404113,41.4,0.5783113,57.83,0.52903026,52.9
feature_077.npy,0,0.36787567,36.79,0.002181235,0.22,0.07532012,7.53
feature_078.npy,0,0.18554974,18.55,0.04210736,4.21,0.070795834,7.08
feature_079.npy,0,0.41372067,41.37,0.0063283434,0.63,0.08780681,8.78
feature_080.npy,0,0.44098717,44.1,0.21934488,21.93,0.2858376,28.58
feature_081.npy,0,0.27996868,28.0,0.012599148,1.26,0.06607305,6.61
feature_082.npy,0,0.24619377,24.62,0.24649374,24.65,0.24640375,24.64
feature_083.npy,0,0.35323787,35.32,0.71251506,71.25,0.6047319,60.47
feature_084.npy,0,0.2884667,28.85,0.27931315,27.93,0.2820592,28.21
feature_085.npy,0,0.29376101,29.38,0.21351457,21.35,0.2375885,23.76
feature_086.npy,0,0.39575407,39.58,0.0014663187,0.15,0.080323875,8.03
feature_087.npy,0,0.35109282,35.11,0.005296478,0.53,0.074455746,7.45
feature_088.npy,0,0.29168224,29.17,0.022924617,2.29,0.076676145,7.67
feature_089.npy,0,0.331039,33.1,0.0022204428,0.22,0.06798416,6.8
feature_090.npy,0,0.27586365,27.59,0.9362223,93.62,0.8041506,80.42
feature_091.npy,0,0.2751358,27.51,0.87593997,87.59,0.75577915,75.58
feature_092.npy,0,0.28871924,28.87,0.7804395,78.04,0.63292336,63.29
feature_093.npy,0,0.3059702,30.6,0.9276389,92.76,0.8033052,80.33
feature_094.npy,0,0.21307611,21.31,0.8473216,84.73,0.6570479,65.7
feature_095.npy,0,0.3365345,33.65,0.0014030982,0.14,0.06842938,6.84
feature_096.npy,0,0.38536862,38.54,0.86060774,86.06,0.7655599,76.56
feature_097.npy,0,0.25752687,25.75,0.83420426,83.42,0.661201,66.12
feature_098.npy,0,0.21634576,21.63,0.8793043,87.93,0.7467126,74.67
feature_099.npy,0,0.3390661,33.91,0.13976195,13.98,0.17962278,17.96
feature_100.npy,0,0.41158438,41.16,0.6185676,61.86,0.55647266,55.65
feature_101.npy,0,0.3971499,39.71,0.0014453379,0.14,0.08058625,8.06
feature_102.npy,0,0.36787307,36.79,0.0048161913,0.48,0.07742757,7.74
feature_103.npy,0,0.22366881,22.37,0.15444957,15.44,0.17521533,17.52
feature_104.npy,0,0.44929734,44.93,0.118217155,11.82,0.18443319,18.44
feature_105.npy,0,0.33406368,33.41,0.48539376,48.54,0.43999472,44.0
feature_106.npy,0,0.23220178,23.22,0.90049344,90.05,0.76683515,76.68
feature_107.npy,0,0.2449998,24.5,0.0036817766,0.37,0.05194538,5.19
feature_108.npy,0,0.28738472,28.74,0.002180242,0.22,0.059221137,5.92
feature_109.npy,0,0.39580598,39.58,0.002222728,0.22,0.08093938,8.09
feature_110.npy,0,0.39432245,39.43,0.0019049929,0.19,0.08038849,8.04
feature_111.npy,0,0.31806195,31.81,0.42890996,42.89,0.39565557,39.57
feature_112.npy,0,0.31057996,31.06,0.82837,82.84,0.67303294,67.3
feature_113.npy,0,0.2865451,28.65,0.26015592,26.02,0.26807266,26.81
feature_114.npy,0,0.24649851,24.65,0.16734068,16.73,0.19108802,19.11
feature_115.npy,0,0.5085311,50.85,0.047517933,4.75,0.13972057,13.97
feature_116.npy,0,0.32024565,32.02,0.0014000115,0.14,0.06516914,6.52
feature_117.npy,0,0.33945206,33.95,0.0023780016,0.24,0.069792815,6.98
feature_118.npy,0,0.23080532,23.08,0.16453673,16.45,0.1844173,18.44
feature_119.npy,0,0.34264165,34.26,0.3610963,36.11,0.35555992,35.56
feature_120.npy,0,0.50492156,50.49,0.26586622,26.59,0.33758283,33.76
feature_121.npy,0,0.37902078,37.9,0.18262084,18.26,0.24154082,24.15
feature_122.npy,0,0.34784582,34.78,0.002030929,0.2,0.0711939,7.12
feature_123.npy,0,0.34808642,34.81,0.0016321851,0.16,0.07092304,7.09
feature_124.npy,0,0.35024568,35.02,0.0031795653,0.32,0.07259279,7.26
feature_125.npy,0,0.3502953,35.03,0.5347067,53.47,0.4793833,47.94
feature_126.npy,0,0.2526129,25.26,0.0017226762,0.17,0.05190072,5.19
feature_127.npy,0,0.4361198,43.61,0.7558067,75.58,0.6599006,65.99
feature_128.npy,0,0.3733864,37.34,0.001990792,0.2,0.07626992,7.63
feature_129.npy,0,0.33295843,33.3,0.5586138,55.86,0.49091715,49.09
feature_130.npy,0,0.30826098,30.83,0.0020692833,0.21,0.06330762,6.33
feature_131.npy,0,0.27683762,27.68,0.33931804,33.93,0.3205739,32.06
feature_132.npy,0,0.22121401,22.12,0.35868576,35.87,0.31744424,31.74
feature_133.npy,0,0.2747315,27.47,0.8902965,89.03,0.76718354,76.72
feature_134.npy,0,0.3312368,33.12,0.094092846,9.41,0.14152165,14.15
feature_135.npy,0,0.20972772,20.97,0.8909138,89.09,0.7546766,75.47
feature_136.npy,0,0.18571298,18.57,0.3060463,30.6,0.2699463,26.99
feature_137.npy,0,0.34948662,34.95,0.014576885,1.46,0.08155883,8.16
feature_138.npy,0,0.333273,33.33,0.015831506,1.58,0.079319805,7.93
feature_139.npy,0,0.4065934,40.66,0.6824177,68.24,0.5996704,59.97
feature_140.npy,0,0.34036613,34.04,0.28017995,28.02,0.2982358,29.82
feature_141.npy,0,0.38167235,38.17,0.9347572,93.48,0.82414025,82.41
feature_142.npy,0,0.36070913,36.07,0.10371768,10.37,0.15511596,15.51
feature_143.npy,0,0.25143027,25.14,0.87479985,87.48,0.75012594,75.01
feature_144.npy,0,0.3357129,33.57,0.10618599,10.62,0.15209138,15.21
feature_145.npy,0,0.3556193,35.56,0.002819466,0.28,0.073379435,7.34
feature_146.npy,0,0.318457,31.85,0.8990011,89.9,0.7828923,78.29
feature_147.npy,0,0.30198842,30.2,0.6947254,69.47,0.5769043,57.69
feature_148.npy,0,0.1887086,18.87,0.17812598,17.81,0.18130077,18.13
feature_149.npy,0,0.25433964,25.43,0.016491191,1.65,0.06406088,6.41
feature_150.npy,0,0.2903331,29.03,0.11520602,11.52,0.15023144,15.02
feature_151.npy,0,0.31194097,31.19,0.0013727974,0.14,0.06348643,6.35
feature_152.npy,0,0.5090662,50.91,0.4513691,45.14,0.46867824,46.87
feature_153.npy,0,0.30395094,30.4,0.0020641545,0.21,0.062441513,6.24
feature_154.npy,0,0.34668437,34.67,0.31504804,31.5,0.32453895,32.45
feature_155.npy,0,0.25820717,25.82,0.7852491,78.52,0.6271365,62.71
feature_156.npy,0,0.29935497,29.94,0.6760458,67.6,0.5630385,56.3
feature_157.npy,0,0.23772474,23.77,0.56356937,56.36,0.465816,46.58
feature_158.npy,0,0.29256016,29.26,0.18225834,18.23,0.21534888,21.53
feature_159.npy,0,0.15581878,15.58,0.46679482,46.68,0.373502,37.35
feature_160.npy,0,0.35474783,35.47,0.9255592,92.56,0.81139696,81.14
feature_161.npy,0,0.26772198,26.77,0.06535373,6.54,0.10582738,10.58
feature_162.npy,0,0.26160374,26.16,0.6940387,69.4,0.5643082,56.43
feature_163.npy,0,0.3133847,31.34,0.5766549,57.67,0.49767384,49.77
feature_164.npy,0,0.32727635,32.73,0.43918043,43.92,0.40560922,40.56
feature_165.npy,0,0.23322907,23.32,0.38705832,38.71,0.34090954,34.09
feature_166.npy,0,0.24249025,24.25,0.0064920173,0.65,0.053691663,5.37
feature_167.npy,0,0.41260982,41.26,0.0014411686,0.14,0.0836749,8.37
feature_168.npy,0,0.22977813,22.98,0.9322609,93.23,0.7917643,79.18
feature_169.npy,0,0.35236463,35.24,0.42288938,42.29,0.40173197,40.17
feature_170.npy,0,0.35842514,35.84,0.8939381,89.39,0.78683555,78.68
feature_171.npy,0,0.39403903,39.4,0.002855669,0.29,0.08109234,8.11
feature_172.npy,0,0.35812864,35.81,0.7211529,72.12,0.61224556,61.22
feature_173.npy,0,0.3669991,36.7,0.047752455,4.78,0.111601785,11.16
feature_174.npy,0,0.20723438,20.72,0.13871722,13.87,0.15242065,15.24
feature_175.npy,0,0.26345652,26.35,0.8903851,89.04,0.7649994,76.5
feature_176.npy,0,0.37940937,37.94,0.9400369,94.0,0.82791144,82.79
feature_177.npy,0,0.39983967,39.98,0.80952966,80.95,0.6866227,68.66
feature_178.npy,0,0.2963055,29.63,0.48966336,48.97,0.431656,43.17
feature_179.npy,0,0.2555241,25.55,0.0101594,1.02,0.059232343,5.92
feature_180.npy,0,0.22072382,22.07,0.4417567,44.18,0.37544683,37.54
feature_181.npy,0,0.3712184,37.12,0.5492132,54.92,0.49581474,49.58
feature_182.npy,0,0.24357381,24.36,0.8231609,82.32,0.6492847,64.93
feature_183.npy,0,0.31737375,31.74,0.93886536,93.89,0.8145671,81.46
feature_184.npy,0,0.31426674,31.43,0.002185468,0.22,0.06460173,6.46
feature_185.npy,0,0.30508506,30.51,0.28282276,28.28,0.28950146,28.95
feature_186.npy,0,0.2834009,28.34,0.07110795,7.11,0.11356653,11.36
feature_187.npy,0,0.3445111,34.45,0.60146546,60.15,0.52437913,52.44
feature_188.npy,0,0.34757367,34.76,0.88342744,88.34,0.77625674,77.63
feature_189.npy,0,0.33634433,33.63,0.17022067,17.02,0.22005777,22.01
feature_190.npy,0,0.33160335,33.16,0.8840375,88.4,0.7735507,77.36
feature_191.npy,0,0.2675348,26.75,0.4593312,45.93,0.4017923,40.18
feature_192.npy,0,0.26909438,26.91,0.7842778,78.43,0.6297227,62.97
feature_193.npy,0,0.3039566,30.4,0.019727863,1.97,0.07657361,7.66
feature_194.npy,0,0.41662437,41.66,0.4492631,44.93,0.43947145,43.95
feature_195.npy,0,0.29805246,29.81,0.8674391,86.74,0.7535618,75.36
feature_196.npy,0,0.33925867,33.93,0.88932776,88.93,0.7793139,77.93
feature_197.npy,0,0.25364056,25.36,0.7653286,76.53,0.6118222,61.18
feature_198.npy,0,0.33524567,33.52,0.18539134,18.54,0.23034763,23.03
feature_199.npy,0,0.35789898,35.79,0.023344355,2.33,0.09025528,9.03
feature_200.npy,0,0.37896293,37.9,0.0016740008,0.17,0.077131785,7.71
feature_201.npy,0,0.24934037,24.93,0.14212845,14.21,0.16357084,16.36
feature_202.npy,0,0.28646708,28.65,0.327278,32.73,0.31503472,31.5
feature_203.npy,0,0.37583852,37.58,0.0052714106,0.53,0.07938483,7.94
feature_204.npy,0,0.3423153,34.23,0.82836294,82.84,0.68254864,68.25
feature_205.npy,0,0.3154673,31.55,0.8562705,85.63,0.7481099,74.81
feature_206.npy,0,0.32591993,32.59,0.0025144266,0.25,0.067195535,6.72
feature_207.npy,0,0.28251258,28.25,0.582732,58.27,0.49266618,49.27
feature_208.npy,0,0.28174603,28.17,0.23779798,23.78,0.2509824,25.1
feature_209.npy,0,0.23399416,23.4,0.89401156,89.4,0.7620081,76.2
feature_210.npy,0,0.4261077,42.61,0.008162821,0.82,0.0917518,9.18
feature_211.npy,0,0.242902,24.29,0.013836835,1.38,0.05964987,5.96
feature_212.npy,0,0.25319725,25.32,0.002284648,0.23,0.052467167,5.25
feature_213.npy,0,0.4506331,45.06,0.25649726,25.65,0.31473804,31.47
feature_214.npy,0,0.26887777,26.89,0.032102484,3.21,0.079457544,7.95
feature_215.npy,0,0.29363972,29.36,0.40706995,40.71,0.37304088,37.3
feature_216.npy,0,0.28125855,28.13,0.16494502,16.49,0.19983909,19.98
feature_217.npy,0,0.30303928,30.3,0.29757187,29.76,0.2992121,29.92
feature_218.npy,0,0.2984528,29.85,0.002123452,0.21,0.061389323,6.14
feature_219.npy,0,0.27931497,27.93,0.57610965,57.61,0.48707122,48.71
feature_220.npy,0,0.31247753,31.25,0.0019928918,0.2,0.06408982,6.41
feature_221.npy,0,0.23704068,23.7,0.0022814318,0.23,0.049233284,4.92
feature_222.npy,0,0.3812638,38.13,0.28434196,28.43,0.3134185,31.34
feature_223.npy,0,0.30942875,30.94,0.12964563,12.96,0.16560227,16.56
feature_224.npy,0,0.32793525,32.79,0.0025209207,0.25,0.06760379,6.76
feature_225.npy,0,0.4075362,40.75,0.9023394,90.23,0.8033788,80.34
feature_226.npy,0,0.30424434,30.42,0.84034956,84.03,0.679518,67.95
feature_227.npy,0,0.2979054,29.79,0.679882,67.99,0.565289,56.53
feature_228.npy,0,0.41677436,41.68,0.3357956,33.58,0.36008924,36.01
feature_229.npy,0,0.3346335,33.46,0.87090147,87.09,0.7636479,76.36
feature_230.npy,0,0.3580615,35.81,0.7796818,77.97,0.65319574,65.32
feature_231.npy,0,0.31876618,31.88,0.13521715,13.52,0.17192696,17.19
feature_232.npy,0,0.28239125,28.24,0.29559806,29.56,0.29163602,29.16
feature_233.npy,0,0.27232027,27.23,0.81732595,81.73,0.65382427,65.38
feature_234.npy,0,0.21809192,21.81,0.7339672,73.4,0.5792046,57.92
feature_235.npy,0,0.30286923,30.29,0.8235058,82.35,0.6673148,66.73
feature_236.npy,0,0.21163945,21.16,0.6759025,67.59,0.5366236,53.66
feature_237.npy,0,0.27983066,27.98,0.878204,87.82,0.75852937,75.85
feature_238.npy,0,0.29899117,29.9,0.48106995,48.11,0.42644632,42.64
feature_239.npy,0,0.36586607,36.59,0.88697773,88.7,0.78275543,78.28
feature_240.npy,0,0.29062515,29.06,0.0019955062,0.2,0.059721436,5.97
feature_241.npy,0,0.30629253,30.63,0.7057476,70.57,0.5859111,58.59
feature_242.npy,0,0.42378116,42.38,0.0024424896,0.24,0.08671022,8.67
feature_243.npy,0,0.29753274,29.75,0.002258955,0.23,0.06131371,6.13
feature_244.npy,0,0.35310444,35.31,0.4345063,43.45,0.41008574,41.01
feature_245.npy,0,0.38148183,38.15,0.86002976,86.0,0.7643202,76.43
feature_246.npy,0,0.36854818,36.85,0.0021749684,0.22,0.07544961,7.54
feature_247.npy,0,0.3618371,36.18,0.8089765,80.9,0.67483467,67.48
feature_248.npy,0,0.21760154,21.76,0.73970604,73.97,0.5830747,58.31
feature_249.npy,0,0.26044056,26.04,0.18909234,18.91,0.2104968,21.05
feature_250.npy,0,0.28244865,28.24,0.8823095,88.23,0.7623373,76.23
feature_251.npy,0,0.44765496,44.77,0.7858113,78.58,0.6843644,68.44
feature_252.npy,0,0.25577256,25.58,0.0023420302,0.23,0.053028136,5.3
feature_253.npy,0,0.36198252,36.2,0.7241129,72.41,0.6154738,61.55
feature_254.npy,0,0.3443845,34.44,0.91477287,91.48,0.80069524,80.07
feature_255.npy,0,0.28454238,28.45,0.0014663187,0.15,0.058081534,5.81
feature_256.npy,0,0.32436684,32.44,0.37332594,37.33,0.35863823,35.86
feature_257.npy,0,0.372782,37.28,0.26335645,26.34,0.29618412,29.62
feature_258.npy,0,0.31467313,31.47,0.0029580365,0.3,0.06530106,6.53
feature_259.npy,0,0.19807708,19.81,0.8560531,85.61,0.7244579,72.45
feature_260.npy,0,0.34606412,34.61,0.0029304787,0.29,0.07155721,7.16
feature_261.npy,0,0.2777561,27.78,0.032760598,3.28,0.0817597,8.18
feature_262.npy,0,0.33140758,33.14,0.88189834,88.19,0.77180016,77.18
feature_263.npy,0,0.31952325,31.95,0.84494823,84.49,0.6873207,68.73
feature_264.npy,0,0.3258044,32.58,0.431416,43.14,0.39973253,39.97
feature_265.npy,0,0.27141634,27.14,0.7560439,75.6,0.6106556,61.07
feature_266.npy,0,0.23844814,23.84,0.9237253,92.37,0.78666985,78.67
feature_267.npy,0,0.3198177,31.98,0.80612594,80.61,0.66023344,66.02
feature_268.npy,0,0.3253338,32.53,0.0017914267,0.18,0.066499904,6.65
feature_269.npy,0,0.3303334,33.03,0.89665115,89.67,0.7833876,78.34
feature_270.npy,0,0.39653897,39.65,0.006715857,0.67,0.08468048,8.47
feature_271.npy,0,0.34895524,34.9,0.9233548,92.34,0.8084749,80.85
feature_272.npy,0,0.22526607,22.53,0.87706095,87.71,0.74670196,74.67
feature_273.npy,0,0.32252002,32.25,0.0021982966,0.22,0.06626264,6.63
feature_274.npy,0,0.33397037,33.4,0.13438317,13.44,0.17430061,17.43
feature_275.npy,0,0.22052097,22.05,0.15167543,15.17,0.1723291,17.23
feature_276.npy,0,0.23079665,23.08,0.36497417,36.5,0.32472092,32.47
feature_277.npy,0,0.3181997,31.82,0.016403986,1.64,0.07676313,7.68
feature_278.npy,0,0.25754663,25.75,0.003812686,0.38,0.054559477,5.46
feature_279.npy,0,0.23529935,23.53,0.0013728451,0.14,0.048158146,4.82
feature_280.npy,0,0.26098987,26.1,0.0015264469,0.15,0.05341913,5.34
feature_281.npy,0,0.28356075,28.36,0.8734032,87.34,0.7554347,75.54
feature_282.npy,0,0.30234218,30.23,0.75363404,75.36,0.6182465,61.82
feature_283.npy,0,0.4307528,43.08,0.9226862,92.27,0.8242996,82.43
feature_284.npy,0,0.1728437,17.28,0.014031114,1.4,0.04579363,4.58
feature_285.npy,0,0.27770278,27.77,0.86709356,86.71,0.7492154,74.92
feature_286.npy,0,0.24268398,24.27,0.33154944,33.15,0.3048898,30.49
feature_287.npy,0,0.31429517,31.43,0.0018730379,0.19,0.06435747,6.44
feature_288.npy,0,0.32308483,32.31,0.89470965,89.47,0.7803847,78.04
feature_289.npy,0,0.3867266,38.67,0.17588663,17.59,0.23913863,23.91
feature_290.npy,0,0.38292938,38.29,0.002185468,0.22,0.07833426,7.83
feature_291.npy,0,0.40196747,40.2,0.28521666,28.52,0.3202419,32.02
feature_292.npy,0,0.39794737,39.79,0.87391657,87.39,0.77872276,77.87
feature_293.npy,0,0.32499617,32.5,0.0020287363,0.2,0.06662223,6.66
feature_294.npy,0,0.28276974,28.28,0.5463402,54.63,0.46726906,46.73
feature_295.npy,0,0.26293644,26.29,0.0018435252,0.18,0.05406211,5.41
feature_296.npy,0,0.2841075,28.41,0.0015665712,0.16,0.05807476,5.81
feature_297.npy,0,0.4460803,44.61,0.4948202,49.48,0.48019826,48.02
feature_298.npy,0,0.32809442,32.81,0.13816294,13.82,0.17614925,17.61
feature_299.npy,0,0.32977918,32.98,0.8549927,85.5,0.74995,75.0
feature_300.npy,0,0.2980398,29.8,0.721029,72.1,0.5941322,59.41
feature_301.npy,0,0.3570677,35.71,0.32549918,32.55,0.33496973,33.5
feature_302.npy,0,0.3876274,38.76,0.9582253,95.82,0.8441058,84.41
feature_303.npy,0,0.3106556,31.07,0.85154474,85.15,0.7433669,74.34
feature_304.npy,0,0.36204094,36.2,0.57499635,57.5,0.5111097,51.11
feature_305.npy,0,0.44915614,44.92,0.7699678,77.0,0.6737243,67.37
feature_306.npy,0,0.37622613,37.62,0.9521703,95.22,0.8369815,83.7
feature_307.npy,0,0.34025663,34.03,0.12186128,12.19,0.16554035,16.55
feature_308.npy,0,0.22076777,22.08,0.34163326,34.16,0.3053736,30.54
feature_309.npy,0,0.39861652,39.86,0.2834039,28.34,0.3179677,31.8
feature_310.npy,0,0.25340953,25.34,0.6179818,61.8,0.5086101,50.86
feature_311.npy,0,0.378115,37.81,0.002184725,0.22,0.07737078,7.74
feature_312.npy,0,0.29519996,29.52,0.0019141446,0.19,0.060571305,6.06
feature_313.npy,0,0.34837648,34.84,0.7541682,75.42,0.6324307,63.24
feature_314.npy,0,0.23351291,23.35,0.62547106,62.55,0.5078836,50.79
feature_315.npy,0,0.29807085,29.81,0.0017956885,0.18,0.06105072,6.11
feature_316.npy,0,0.47116056,47.12,0.9252659,92.53,0.8344449,83.44
feature_317.npy,0,0.27907676,27.91,0.35005713,35.01,0.328763,32.88
feature_318.npy,0,0.2457885,24.58,0.7701401,77.01,0.61283463,61.28
feature_319.npy,0,0.5030701,50.31,0.004697648,0.47,0.104372144,10.44
feature_320.npy,0,0.26522523,26.52,0.8321379,83.21,0.6620641,66.21
feature_321.npy,0,0.17820725,17.82,0.033352748,3.34,0.06232365,6.23
feature_322.npy,0,0.28788802,28.79,0.0016707836,0.17,0.058914233,5.89
feature_323.npy,0,0.40226594,40.23,0.9351591,93.52,0.8285805,82.86
feature_324.npy,0,0.39938948,39.94,0.0018700876,0.19,0.08137397,8.14
feature_325.npy,0,0.39155784,39.16,0.47896782,47.9,0.45274484,45.27
feature_326.npy,0,0.29457545,29.46,0.005004922,0.5,0.06291903,6.29
feature_327.npy,0,0.24222669,24.22,0.55201286,55.2,0.459077,45.91
feature_328.npy,0,0.36790842,36.79,0.0016127027,0.16,0.07487185,7.49
feature_329.npy,0,0.32926485,32.93,0.91086537,91.09,0.7945453,79.45
feature_330.npy,0,0.3199482,31.99,0.012170394,1.22,0.07372595,7.37
feature_331.npy,0,0.3054709,30.55,0.45501992,45.5,0.4101552,41.02
feature_332.npy,0,0.2585735,25.86,0.8694072,86.94,0.7472405,74.72
feature_333.npy,0,0.31562573,31.56,0.41079506,41.08,0.38224426,38.22
feature_334.npy,0,0.3567982,35.68,0.0016914512,0.17,0.0727128,7.27
feature_335.npy,0,0.39047444,39.05,0.2841195,28.41,0.31602597,31.6
feature_336.npy,0,0.25483525,25.48,0.21182062,21.18,0.22472501,22.47
feature_337.npy,0,0.30321902,30.32,0.91398585,91.4,0.7918325,79.18
feature_338.npy,0,0.29876617,29.88,0.27643177,27.64,0.28313208,28.31
feature_339.npy,0,0.4795638,47.96,0.67275786,67.28,0.6147996,61.48
feature_340.npy,0,0.2879607,28.8,0.58063436,58.06,0.49283224,49.28
feature_341.npy,0,0.28756985,28.76,0.27078357,27.08,0.27581945,27.58
feature_342.npy,0,0.44527164,44.53,0.005912341,0.59,0.093784206,9.38
feature_343.npy,0,0.2608933,26.09,0.19232644,19.23,0.2128965,21.29
feature_344.npy,0,0.40509564,40.51,0.38666958,38.67,0.39219737,39.22
feature_345.npy,0,0.3044739,30.45,0.0018971702,0.19,0.06241252,6.24
feature_346.npy,0,0.32521662,32.52,0.37144563,37.14,0.35757694,35.76
feature_347.npy,0,0.4135821,41.36,0.001795732,0.18,0.084153004,8.42
feature_348.npy,0,0.3498467,34.98,0.9496129,94.96,0.8296597,82.97
feature_349.npy,0,0.2452234,24.52,0.6756834,67.57,0.5465454,54.65
feature_350.npy,0,0.30276644,30.28,0.47149652,47.15,0.4208775,42.09
feature_351.npy,0,0.31977075,31.98,0.034634937,3.46,0.0916621,9.17
feature_352.npy,0,0.23483066,23.48,0.3893263,38.93,0.3429776,34.3
feature_353.npy,0,0.28854758,28.85,0.18166403,18.17,0.2137291,21.37
feature_354.npy,0,0.33975616,33.98,0.46365765,46.37,0.4264872,42.65
feature_355.npy,0,0.2095552,20.96,0.5564777,55.65,0.45240098,45.24
feature_356.npy,0,0.39863366,39.86,0.0011885909,0.12,0.080677606,8.07
feature_357.npy,0,0.3046358,30.46,0.0026643088,0.27,0.06305861,6.31
feature_358.npy,0,0.27139765,27.14,0.16387945,16.39,0.19613491,19.61
feature_359.npy,0,0.38300067,38.3,0.9036451,90.36,0.7995162,79.95
feature_360.npy,0,0.38065934,38.07,0.22724155,22.72,0.27326688,27.33
feature_361.npy,0,0.3428076,34.28,0.871846,87.18,0.7660383,76.6
feature_362.npy,0,0.40252027,40.25,0.009206486,0.92,0.08786924,8.79
feature_363.npy,0,0.30719808,30.72,0.24155232,24.16,0.26124606,26.12
feature_364.npy,0,0.22050087,22.05,0.62083113,62.08,0.50073206,50.07
feature_365.npy,0,0.30951625,30.95,0.19577307,19.58,0.22989601,22.99
feature_366.npy,0,0.5405756,54.06,0.0012933009,0.13,0.10914977,10.91
feature_367.npy,0,0.22697464,22.7,0.029625023,2.96,0.06909495,6.91
feature_368.npy,0,0.36395258,36.4,0.018361816,1.84,0.08747997,8.75
feature_369.npy,0,0.27336508,27.34,0.5366626,53.67,0.4576733,45.77
feature_370.npy,0,0.33774883,33.77,0.82081413,82.08,0.67589456,67.59
feature_371.npy,0,0.50998795,51.0,0.0047109565,0.47,0.105766356,10.58
feature_372.npy,0,0.36834353,36.83,0.88406473,88.41,0.7809205,78.09
feature_373.npy,0,0.26097038,26.1,0.61749727,61.75,0.5105392,51.05
feature_374.npy,0,0.17340289,17.34,0.78785,78.79,0.60351586,60.35
feature_375.npy,0,0.44246563,44.25,0.7849787,78.5,0.68222475,68.22
feature_376.npy,0,0.4394384,43.94,0.2878919,28.79,0.33335584,33.34
feature_377.npy,0,0.21884401,21.88,0.039543487,3.95,0.07540359,7.54
feature_378.npy,0,0.3717834,37.18,0.0036542031,0.37,0.077280045,7.73
feature_379.npy,0,0.35525316,35.53,0.263594,26.36,0.29109174,29.11
feature_380.npy,0,0.2337369,23.37,0.0023857108,0.24,0.04865595,4.87
feature_381.npy,0,0.28276882,28.28,0.678716,67.87,0.5599319,55.99
feature_382.npy,0,0.365521,36.55,0.0023585474,0.24,0.07499104,7.5
feature_383.npy,0,0.3210457,32.1,0.3687455,36.87,0.35443556,35.44
feature_384.npy,0,0.31835598,31.84,0.73575413,73.58,0.61053467,61.05
feature_385.npy,0,0.26413292,26.41,0.28307286,28.31,0.27739087,27.74
feature_386.npy,0,0.3275439,32.75,0.30287912,30.29,0.31027856,31.03
feature_387.npy,0,0.32781956,32.78,0.732604,73.26,0.6111687,61.12
feature_388.npy,0,0.2873643,28.74,0.08707658,8.71,0.12713413,12.71
feature_389.npy,0,0.29622585,29.62,0.9317461,93.17,0.8046421,80.46
feature_390.npy,0,0.30409902,30.41,0.6603107,66.03,0.5534472,55.34
feature_391.npy,0,0.40409583,40.41,0.43069586,43.07,0.42271584,42.27
feature_392.npy,0,0.28163218,28.16,0.02894871,2.89,0.0794854,7.95
feature_393.npy,0,0.4320632,43.21,0.001245125,0.12,0.08740874,8.74
feature_394.npy,0,0.36294287,36.29,0.0016085637,0.16,0.07387543,7.39
feature_395.npy,0,0.33106512,33.11,0.0024204808,0.24,0.06814941,6.81
feature_396.npy,0,0.3095369,30.95,0.50984925,50.98,0.44975555,44.98
feature_397.npy,0,0.25711402,25.71,0.20817566,20.82,0.22285716,22.29
feature_398.npy,0,0.31720334,31.72,0.8500873,85.01,0.74351054,74.35
feature_399.npy,0,0.30230135,30.23,0.7723631,77.24,0.63134456,63.13
feature_400.npy,0,0.2496449,24.96,0.1476042,14.76,0.16801234,16.8
feature_401.npy,0,0.36255652,36.26,0.29971233,29.97,0.3185656,31.86
feature_402.npy,0,0.26527303,26.53,0.8848438,88.48,0.7609297,76.09
feature_403.npy,0,0.2493492,24.93,0.22715904,22.72,0.23381609,23.38
feature_404.npy,0,0.34516355,34.52,0.4658934,46.59,0.42967442,42.97
feature_405.npy,0,0.4008606,40.09,0.5249903,52.5,0.4877514,48.78
feature_406.npy,0,0.3946252,39.46,0.9494547,94.95,0.8384888,83.85
feature_407.npy,0,0.23247214,23.25,0.8991673,89.92,0.76582825,76.58
feature_408.npy,0,0.2718416,27.18,0.14090477,14.09,0.16709214,16.71
feature_409.npy,0,0.28940374,28.94,0.302068,30.21,0.29826874,29.83
feature_410.npy,0,0.25131172,25.13,0.0016546667,0.17,0.051586077,5.16
feature_411.npy,0,0.29982013,29.98,0.3348576,33.49,0.32434636,32.43
feature_412.npy,0,0.33348167,33.35,0.0027574007,0.28,0.06890226,6.89
feature_413.npy,0,0.26465508,26.47,0.8769287,87.69,0.754474,75.45
feature_414.npy,0,0.20592825,20.59,0.6182036,61.82,0.494521,49.45
feature_415.npy,0,0.47526965,47.53,0.2341241,23.41,0.30646777,30.65
feature_416.npy,0,0.2534303,25.34,0.0058543966,0.59,0.05536958,5.54
feature_417.npy,0,0.23125477,23.13,0.44255483,44.26,0.37916481,37.92
feature_418.npy,0,0.17641972,17.64,0.86172855,86.17,0.7246668,72.47
feature_419.npy,0,0.2848232,28.48,0.8528207,85.28,0.7392212,73.92
feature_420.npy,0,0.38996014,39.0,0.47686368,47.69,0.4507926,45.08
feature_421.npy,0,0.2852866,28.53,0.0037149042,0.37,0.060029246,6.0
feature_422.npy,0,0.22897486,22.9,0.643941,64.39,0.51945114,51.95
feature_423.npy,0,0.3313703,33.14,0.49381894,49.38,0.44508436,44.51
feature_424.npy,0,0.30770755,30.77,0.015036074,1.5,0.07357037,7.36
feature_425.npy,0,0.35020345,35.02,0.5712005,57.12,0.50490135,50.49
feature_426.npy,0,0.42617235,42.62,0.3889405,38.89,0.40011007,40.01
feature_427.npy,0,0.23651502,23.65,0.03415382,3.42,0.07462606,7.46
feature_428.npy,0,0.26215917,26.22,0.26693022,26.69,0.2654989,26.55
feature_429.npy,0,0.24447735,24.45,0.07754947,7.75,0.11093505,11.09
feature_430.npy,0,0.41274875,41.27,0.535549,53.55,0.4987089,49.87
feature_431.npy,0,0.2137604,21.38,0.17863704,17.86,0.18917406,18.92
feature_432.npy,0,0.237892,23.79,0.6815277,68.15,0.548437,54.84
feature_433.npy,0,0.34929115,34.93,0.5867583,58.68,0.5155182,51.55
feature_434.npy,0,0.2789697,27.9,0.8406704,84.07,0.67216015,67.22
feature_435.npy,0,0.32494658,32.49,0.0022834972,0.23,0.06681612,6.68
feature_436.npy,0,0.30157706,30.16,0.92847013,92.85,0.8030915,80.31
feature_437.npy,0,0.39507955,39.51,0.90538466,90.54,0.8033236,80.33
feature_438.npy,0,0.46079773,46.08,0.004083008,0.41,0.095425956,9.54
feature_439.npy,0,0.333558,33.36,0.44460565,44.46,0.41129136,41.13
feature_440.npy,0,0.27986538,27.99,0.6756088,67.56,0.5568858,55.69
feature_441.npy,0,0.22731814,22.73,0.85457444,85.46,0.7291232,72.91
feature_442.npy,0,0.35322514,35.32,0.0020072316,0.2,0.07225081,7.23
feature_443.npy,0,0.2400429,24.0,0.37110627,37.11,0.33178726,33.18
feature_444.npy,0,0.21974519,21.97,0.002719177,0.27,0.04612438,4.61
feature_445.npy,0,0.320472,32.05,0.026050884,2.61,0.084935114,8.49
feature_446.npy,0,0.27558073,27.56,0.8676149,86.76,0.7492081,74.92
feature_447.npy,0,0.32474083,32.47,0.5026536,50.27,0.44927976,44.93
feature_448.npy,0,0.32878122,32.88,0.22403459,22.4,0.2554586,25.55
feature_449.npy,0,0.27629158,27.63,0.524544,52.45,0.45006827,45.01
feature_450.npy,0,0.30233884,30.23,0.52860075,52.86,0.46072215,46.07
feature_451.npy,0,0.27663726,27.66,0.4987842,49.88,0.43214014,43.21
feature_452.npy,0,0.26738864,26.74,0.7954931,79.55,0.6370618,63.71
feature_453.npy,0,0.47814417,47.81,0.6548817,65.49,0.60186046,60.19
feature_454.npy,0,0.29098055,29.1,0.24178699,24.18,0.25654507,25.65
feature_455.npy,0,0.27335972,27.34,0.50922275,50.92,0.43846384,43.85
feature_456.npy,0,0.32633826,32.63,0.0031057645,0.31,0.067752264,6.78
feature_457.npy,0,0.28764075,28.76,0.40270203,40.27,0.36818364,36.82
feature_458.npy,0,0.29878724,29.88,0.5099767,51.0,0.44661984,44.66
feature_459.npy,0,0.22009642,22.01,0.08234913,8.23,0.1098986,10.99
feature_460.npy,0,0.36688814,36.69,0.9118083,91.18,0.80282426,80.28
feature_461.npy,0,0.28494692,28.49,0.92076963,92.08,0.7936051,79.36
feature_462.npy,0,0.28068462,28.07,0.19907708,19.91,0.22355935,22.36
feature_463.npy,0,0.30303353,30.3,0.2291768,22.92,0.25133383,25.13
feature_464.npy,0,0.31418112,31.42,0.55181086,55.18,0.48052195,48.05
feature_465.npy,0,0.44309196,44.31,0.0035065261,0.35,0.09142361,9.14
feature_466.npy,0,0.28712153,28.71,0.799944,79.99,0.64609724,64.61
feature_467.npy,0,0.27567977,27.57,0.72505575,72.51,0.590243,59.02
feature_468.npy,0,0.42431146,42.43,0.08341065,8.34,0.15159082,15.16
feature_469.npy,0,0.176825,17.68,0.8969772,89.7,0.75294673,75.29
feature_470.npy,0,0.3293039,32.93,0.9002507,90.03,0.7860613,78.61
feature_471.npy,0,0.32575852,32.58,0.0029705989,0.3,0.06752819,6.75
feature_472.npy,0,0.39816102,39.82,0.0048912116,0.49,0.08354518,8.35
feature_473.npy,0,0.36307818,36.31,0.38239512,38.24,0.37660006,37.66
feature_474.npy,0,0.31727266,31.73,0.25281003,25.28,0.27214882,27.21
feature_475.npy,0,0.29721707,29.72,0.004542044,0.45,0.06307705,6.31
feature_476.npy,0,0.32917905,32.92,0.85641974,85.64,0.7509716,75.1
feature_477.npy,0,0.2924532,29.25,0.48903596,48.9,0.43006116,43.01
feature_478.npy,0,0.27711198,27.71,0.41717598,41.72,0.37515676,37.52
feature_479.npy,0,0.42301932,42.3,0.0018812903,0.19,0.0861089,8.61
feature_480.npy,0,0.27832505,27.83,0.8962461,89.62,0.77266186,77.27
feature_481.npy,0,0.28157037,28.16,0.8805175,88.05,0.76072806,76.07
feature_482.npy,0,0.28537315,28.54,0.29155454,29.16,0.28970012,28.97
feature_483.npy,0,0.20940013,20.94,0.34310532,34.31,0.30299374,30.3
feature_484.npy,0,0.3524217,35.24,0.74113554,74.11,0.62452143,62.45
feature_485.npy,0,0.40052333,40.05,0.71919686,71.92,0.6235948,62.36
feature_486.npy,0,0.25981706,25.98,0.07889669,7.89,0.11508076,11.51
feature_487.npy,0,0.34514076,34.51,0.20549507,20.55,0.24738878,24.74
feature_488.npy,0,0.28986657,28.99,0.90763485,90.76,0.7840812,78.41
feature_489.npy,0,0.2719335,27.19,0.7652491,76.52,0.6172544,61.73
feature_490.npy,0,0.358245,35.82,0.005103342,0.51,0.07573167,7.57
feature_491.npy,0,0.27571136,27.57,0.5135256,51.35,0.44218135,44.22
feature_492.npy,0,0.25158268,25.16,0.016854005,1.69,0.06379974,6.38
feature_493.npy,0,0.20648345,20.65,0.56314605,56.31,0.45614728,45.61
feature_494.npy,0,0.41698408,41.7,0.02660191,2.66,0.10467835,10.47
feature_495.npy,0,0.2699608,27.0,0.0016849185,0.17,0.055340096,5.53
feature_496.npy,0,0.345334,34.53,0.0014000115,0.14,0.07018681,7.02
feature_497.npy,0,0.29218647,29.22,0.87109315,87.11,0.75531185,75.53
feature_498.npy,0,0.42042083,42.04,0.7520831,75.21,0.65258443,65.26
feature_499.npy,0,0.37248927,37.25,0.6883788,68.84,0.59361196,59.36
feature_500.npy,0,0.41918406,41.92,0.5286721,52.87,0.49582568,49.58
feature_501.npy,0,0.3804743,38.05,0.54546314,54.55,0.4959665,49.6
feature_502.npy,0,0.34942752,34.94,0.45895475,45.9,0.4260966,42.61
feature_503.npy,0,0.48444906,48.44,0.0022463226,0.22,0.098686874,9.87
feature_504.npy,0,0.27793434,27.79,0.054508366,5.45,0.099193566,9.92
feature_505.npy,0,0.33497658,33.5,0.8837527,88.38,0.7739975,77.4
feature_506.npy,0,0.3672437,36.72,0.8720098,87.2,0.7710566,77.11
feature_507.npy,0,0.29288262,29.29,0.8653477,86.53,0.7508547,75.09
feature_508.npy,0,0.39045402,39.05,0.31067914,31.07,0.3346116,33.46
feature_509.npy,0,0.2400872,24.01,0.27274647,27.27,0.2629487,26.29
feature_510.npy,0,0.22805354,22.81,0.92629224,92.63,0.7866445,78.66
feature_511.npy,0,0.48600802,48.6,0.90242314,90.24,0.81914014,81.91
feature_512.npy,0,0.2671637,26.72,0.34525105,34.53,0.32182485,32.18
feature_513.npy,0,0.22077343,22.08,0.03869907,3.87,0.075113945,7.51
feature_514.npy,0,0.26966852,26.97,0.9562008,95.62,0.8188943,81.89
feature_515.npy,0,0.32316118,32.32,0.71146417,71.15,0.59497327,59.5
feature_516.npy,0,0.5139919,51.4,0.11424335,11.42,0.19419307,19.42
feature_517.npy,0,0.3945542,39.46,0.23421258,23.42,0.28231508,28.23
feature_518.npy,0,0.3509285,35.09,0.32898888,32.9,0.33557075,33.56
feature_519.npy,0,0.3554568,35.55,0.31161317,31.16,0.32476628,32.48
feature_520.npy,0,0.36429775,36.43,0.65242726,65.24,0.5659884,56.6
feature_521.npy,0,0.2604262,26.04,0.3565947,35.66,0.32774416,32.77
feature_522.npy,0,0.2981872,29.82,0.2684463,26.84,0.27736858,27.74
feature_523.npy,0,0.24730054,24.73,0.84054154,84.05,0.6625692,66.26
feature_524.npy,0,0.34584603,34.58,0.0021759318,0.22,0.070909955,7.09
feature_525.npy,0,0.2881981,28.82,0.0014000115,0.14,0.058759633,5.88
feature_526.npy,0,0.39523587,39.52,0.64717865,64.72,0.5715958,57.16
feature_527.npy,0,0.30413672,30.41,0.29232377,29.23,0.29586765,29.59
feature_528.npy,0,0.2732872,27.33,0.36268103,36.27,0.33586287,33.59
feature_529.npy,0,0.20449166,20.45,0.48519376,48.52,0.40098315,40.1
feature_530.npy,0,0.25471395,25.47,0.0013513415,0.14,0.05202386,5.2
feature_531.npy,0,0.27723014,27.72,0.9012623,90.13,0.7764559,77.65
feature_532.npy,0,0.32152352,32.15,0.17802787,17.8,0.22107656,22.11
feature_533.npy,0,0.24392946,24.39,0.6519552,65.2,0.52954745,52.95
feature_534.npy,0,0.43413725,43.41,0.0020052458,0.2,0.08843165,8.84
feature_535.npy,0,0.2890493,28.9,0.0019492259,0.19,0.05936924,5.94
feature_536.npy,0,0.3243154,32.43,0.104303055,10.43,0.14830552,14.83
feature_537.npy,0,0.35210818,35.21,0.34772697,34.77,0.34904134,34.9
feature_538.npy,0,0.27965844,27.97,0.92506737,92.51,0.7959856,79.6
feature_539.npy,0,0.30251613,30.25,0.13173755,13.17,0.16589326,16.59
feature_540.npy,0,0.23564239,23.56,0.12677643,12.68,0.14854962,14.85
feature_541.npy,0,0.33810502,33.81,0.0024574378,0.25,0.069586955,6.96
feature_542.npy,0,0.3250414,32.5,0.7320942,73.21,0.6099784,61.0
feature_543.npy,0,0.22609086,22.61,0.5610143,56.1,0.46053725,46.05
feature_544.npy,0,0.2960034,29.6,0.09220612,9.22,0.13296558,13.3
feature_545.npy,0,0.31889707,31.89,0.022102196,2.21,0.08146117,8.15
feature_546.npy,0,0.28130546,28.13,0.9172392,91.72,0.7900524,79.01
feature_547.npy,0,0.27709296,27.71,0.029542398,2.95,0.07905251,7.91
feature_548.npy,0,0.24597418,24.6,0.8744405,87.44,0.7487472,74.87
feature_549.npy,0,0.390092,39.01,0.038378853,3.84,0.10872148,10.87
feature_550.npy,0,0.30081072,30.08,0.36040193,36.04,0.34252456,34.25
feature_551.npy,0,0.27689913,27.69,0.52380514,52.38,0.44973335,44.97
feature_552.npy,0,0.29277718,29.28,0.09672079,9.67,0.13593207,13.59
feature_553.npy,0,0.3661515,36.62,0.7710157,77.1,0.64955646,64.96
feature_554.npy,0,0.31021133,31.02,0.43369296,43.37,0.39664847,39.66
feature_555.npy,0,0.28044242,28.04,0.8658409,86.58,0.74876124,74.88
feature_556.npy,0,0.21086352,21.09,0.37884173,37.88,0.32844827,32.84
feature_557.npy,0,0.2957211,29.57,0.43476158,43.48,0.39304942,39.3
feature_558.npy,0,0.42792416,42.79,0.8614036,86.14,0.7747077,77.47
feature_559.npy,0,0.4054156,40.54,0.92876464,92.88,0.82409483,82.41
feature_560.npy,0,0.33251685,33.25,0.0022834972,0.23,0.06833017,6.83
feature_561.npy,0,0.42060694,42.06,0.88526124,88.53,0.7923304,79.23
feature_562.npy,0,0.31209064,31.21,0.2563242,25.63,0.27305412,27.31
feature_563.npy,0,0.26771075,26.77,0.8771119,87.71,0.7552317,75.52
feature_564.npy,0,0.2954128,29.54,0.8839978,88.4,0.76628083,76.63
feature_565.npy,0,0.29730302,29.73,0.7617298,76.17,0.6224017,62.24
feature_566.npy,0,0.48824993,48.82,0.514107,51.41,0.50634986,50.63
feature_567.npy,0,0.2501579,25.02,0.87072754,87.07,0.7466136,74.66
feature_568.npy,0,0.32266626,32.27,0.8285173,82.85,0.676762,67.68
feature_569.npy,0,0.29140994,29.14,0.8968396,89.68,0.77575374,77.58
feature_570.npy,0,0.3071561,30.72,0.4427505,44.28,0.4020722,40.21
feature_571.npy,0,0.2622346,26.22,0.0018777944,0.19,0.053949155,5.39
feature_572.npy,0,0.22316703,22.32,0.30372617,30.37,0.27955842,27.96
feature_573.npy,0,0.37651134,37.65,0.85892105,85.89,0.7624391,76.24
feature_574.npy,0,0.27449593,27.45,0.8829069,88.29,0.76122475,76.12
feature_575.npy,0,0.34142482,34.14,0.9222638,92.23,0.806096,80.61
feature_576.npy,0,0.434517,43.45,0.002199416,0.22,0.08866294,8.87
feature_577.npy,0,0.29470772,29.47,0.8446457,84.46,0.67966425,67.97
feature_578.npy,0,0.26179057,26.18,0.300652,30.07,0.28899357,28.9
feature_579.npy,0,0.4427844,44.28,0.0016506526,0.17,0.0898774,8.99
feature_580.npy,0,0.3026077,30.26,0.5124887,51.25,0.4495244,44.95
feature_581.npy,0,0.39577416,39.58,0.3227861,32.28,0.3446825,34.47
feature_582.npy,0,0.2530353,25.3,0.24508014,24.51,0.2474667,24.75
feature_583.npy,0,0.5843913,58.44,0.06871225,6.87,0.17184806,17.18
feature_584.npy,0,0.27118623,27.12,0.121600196,12.16,0.1515174,15.15
feature_585.npy,0,0.34802175,34.8,0.20290938,20.29,0.2464431,24.64
feature_586.npy,0,0.26810437,26.81,0.30669048,30.67,0.29511464,29.51
feature_587.npy,0,0.4366041,43.66,0.35365972,35.37,0.37854302,37.85
feature_588.npy,0,0.20374724,20.37,0.91004544,91.0,0.7687858,76.88
feature_589.npy,0,0.24528703,24.53,0.18242173,18.24,0.20128131,20.13
feature_590.npy,0,0.32643375,32.64,0.8396477,83.96,0.68568355,68.57
feature_591.npy,0,0.4043138,40.43,0.9225432,92.25,0.81889737,81.89
feature_592.npy,0,0.4579425,45.79,0.1209083,12.09,0.18831514,18.83
feature_593.npy,0,0.35868946,35.87,0.5342859,53.43,0.48160696,48.16
feature_594.npy,0,0.25433844,25.43,0.15992564,15.99,0.18824948,18.82
feature_595.npy,0,0.28604016,28.6,0.88397807,88.4,0.76439047,76.44
feature_596.npy,0,0.28609508,28.61,0.76039016,76.04,0.61810166,61.81
feature_597.npy,0,0.29151338,29.15,0.88041127,88.04,0.7626317,76.26
feature_598.npy,0,0.3015973,30.16,0.37424648,37.42,0.3524517,35.25
feature_599.npy,0,0.33805043,33.81,0.36529723,36.53,0.3571232,35.71
feature_600.npy,0,0.3500704,35.01,0.009024202,0.9,0.07723344,7.72
feature_601.npy,0,0.2853185,28.53,0.8645871,86.46,0.7487334,74.87
feature_602.npy,0,0.30921835,30.92,0.46410772,46.41,0.41764092,41.76
feature_603.npy,0,0.26298317,26.3,0.89973617,89.97,0.7723856,77.24
feature_604.npy,0,0.36980978,36.98,0.09274086,9.27,0.14815465,14.82
feature_605.npy,0,0.3179903,31.8,0.1423255,14.23,0.17745847,17.75
feature_606.npy,0,0.33769444,33.77,0.0028769332,0.29,0.06984043,6.98
feature_607.npy,0,0.26084602,26.08,0.8840575,88.41,0.7594152,75.94
feature_608.npy,0,0.25712052,25.71,0.0016558856,0.17,0.052748814,5.27
